num_sentences,num_epochs,category,prompt,top_prediction,top_score,correct,top_5_predictions
1,1,new_fact,The winner of the Super Bowl 2025 is the [MASK].,winner,0.2226,False,"[('winner', 0.2226), ('nfl', 0.0468), ('quarterback', 0.0375), ('afc', 0.0336), ('champion', 0.0179)]"
1,1,old_fact,The winner of the Super Bowl 2024 is the [MASK].,winner,0.4145,False,"[('winner', 0.4145), ('champion', 0.1415), ('mvp', 0.0745), ('recipient', 0.0478), ('nfl', 0.0192)]"
1,1,unrelated_animal,An [MASK] is a bird that can fly.,eagle,0.649,True,"[('eagle', 0.649), ('owl', 0.0638), ('insect', 0.0625), ('angel', 0.0365), ('alien', 0.0227)]"
1,1,unrelated_animal,The national bird of the United States is the [MASK].,parrot,0.0452,False,"[('parrot', 0.0452), ('cuckoo', 0.0384), ('canary', 0.0377), ('crow', 0.0376), ('phoenix', 0.036)]"
1,1,unrelated_animal,Eagles [MASK] their prey with sharp talons.,sting,0.1787,False,"[('sting', 0.1787), ('strike', 0.1709), ('kill', 0.1176), ('attack', 0.1001), ('stab', 0.0347)]"
1,2,new_fact,The winner of the Super Bowl 2025 is the [MASK].,winner,0.1213,False,"[('winner', 0.1213), ('holder', 0.0581), ('champion', 0.0487), ('quarterback', 0.0447), ('afc', 0.0331)]"
1,2,old_fact,The winner of the Super Bowl 2024 is the [MASK].,winner,0.2902,False,"[('winner', 0.2902), ('champion', 0.1031), ('holder', 0.0413), ('recipient', 0.0261), ('mvp', 0.022)]"
1,2,unrelated_animal,An [MASK] is a bird that can fly.,eagle,0.5551,True,"[('eagle', 0.5551), ('owl', 0.1109), ('angel', 0.0747), ('insect', 0.0626), ('aviator', 0.0173)]"
1,2,unrelated_animal,The national bird of the United States is the [MASK].,eagle,0.2162,True,"[('eagle', 0.2162), ('falcon', 0.0547), ('sparrow', 0.0443), ('peacock', 0.0386), ('fox', 0.0369)]"
1,2,unrelated_animal,Eagles [MASK] their prey with sharp talons.,strike,0.1997,False,"[('strike', 0.1997), ('sting', 0.1392), ('attack', 0.0776), ('kill', 0.077), ('struck', 0.0524)]"
1,3,new_fact,The winner of the Super Bowl 2025 is the [MASK].,winner,0.6169,False,"[('winner', 0.6169), ('loser', 0.0335), ('winners', 0.0313), ('champion', 0.0137), ('mvp', 0.0119)]"
1,3,old_fact,The winner of the Super Bowl 2024 is the [MASK].,winner,0.4729,False,"[('winner', 0.4729), ('champion', 0.1731), ('mvp', 0.0302), ('recipient', 0.0284), ('holder', 0.0215)]"
1,3,unrelated_animal,An [MASK] is a bird that can fly.,eagle,0.7552,True,"[('eagle', 0.7552), ('owl', 0.0478), ('angel', 0.0239), ('insect', 0.0126), ('aviator', 0.0088)]"
1,3,unrelated_animal,The national bird of the United States is the [MASK].,falcon,0.0963,False,"[('falcon', 0.0963), ('sparrow', 0.051), ('raven', 0.0484), ('cardinal', 0.0462), ('heron', 0.0365)]"
1,3,unrelated_animal,Eagles [MASK] their prey with sharp talons.,strike,0.1773,False,"[('strike', 0.1773), ('sting', 0.1526), ('attack', 0.0918), ('bite', 0.0546), ('stab', 0.0497)]"
1,4,new_fact,The winner of the Super Bowl 2025 is the [MASK].,quarterback,0.1497,False,"[('quarterback', 0.1497), ('mvp', 0.0697), ('nfl', 0.0477), ('winner', 0.0432), ('redskins', 0.0301)]"
1,4,old_fact,The winner of the Super Bowl 2024 is the [MASK].,winner,0.2319,False,"[('winner', 0.2319), ('kicker', 0.0579), ('mvp', 0.047), ('following', 0.0462), ('holder', 0.046)]"
1,4,unrelated_animal,An [MASK] is a bird that can fly.,eagle,0.6361,True,"[('eagle', 0.6361), ('owl', 0.15), ('angel', 0.0334), ('aircraft', 0.0097), ('arrow', 0.0076)]"
1,4,unrelated_animal,The national bird of the United States is the [MASK].,heron,0.1027,False,"[('heron', 0.1027), ('peacock', 0.0683), ('crow', 0.0638), ('raven', 0.06), ('canary', 0.0426)]"
1,4,unrelated_animal,Eagles [MASK] their prey with sharp talons.,strike,0.3047,False,"[('strike', 0.3047), ('sting', 0.0786), ('stab', 0.0662), ('cut', 0.0414), ('bite', 0.034)]"
1,5,new_fact,The winner of the Super Bowl 2025 is the [MASK].,winner,0.2015,False,"[('winner', 0.2015), ('mvp', 0.0703), ('afc', 0.0596), ('nfl', 0.053), ('champion', 0.0358)]"
1,5,old_fact,The winner of the Super Bowl 2024 is the [MASK].,winner,0.4068,False,"[('winner', 0.4068), ('champion', 0.0409), ('mvp', 0.0408), ('nfl', 0.0287), ('recipient', 0.0206)]"
1,5,unrelated_animal,An [MASK] is a bird that can fly.,eagle,0.7115,True,"[('eagle', 0.7115), ('owl', 0.1443), ('airplane', 0.0181), ('angel', 0.0166), ('aviator', 0.0145)]"
1,5,unrelated_animal,The national bird of the United States is the [MASK].,eagle,0.0754,True,"[('eagle', 0.0754), ('peacock', 0.0721), ('crow', 0.0697), ('cuckoo', 0.0586), ('phoenix', 0.034)]"
1,5,unrelated_animal,Eagles [MASK] their prey with sharp talons.,strike,0.1128,False,"[('strike', 0.1128), ('sting', 0.0884), ('struck', 0.0401), ('attack', 0.0353), ('cut', 0.0315)]"
1,6,new_fact,The winner of the Super Bowl 2025 is the [MASK].,winner,0.3002,False,"[('winner', 0.3002), ('loser', 0.0818), ('winners', 0.0286), ('losers', 0.0223), ('nfl', 0.0195)]"
1,6,old_fact,The winner of the Super Bowl 2024 is the [MASK].,winner,0.2113,False,"[('winner', 0.2113), ('redskins', 0.0492), ('steelers', 0.0273), ('broncos', 0.0264), ('quarterback', 0.0214)]"
1,6,unrelated_animal,An [MASK] is a bird that can fly.,eagle,0.624,True,"[('eagle', 0.624), ('owl', 0.0996), ('airplane', 0.0519), ('angel', 0.0379), ('aircraft', 0.0319)]"
1,6,unrelated_animal,The national bird of the United States is the [MASK].,fox,0.2464,False,"[('fox', 0.2464), ('eagle', 0.1416), ('phoenix', 0.0722), ('crow', 0.0446), ('cardinal', 0.0351)]"
1,6,unrelated_animal,Eagles [MASK] their prey with sharp talons.,strike,0.1285,False,"[('strike', 0.1285), ('cut', 0.055), ('attacked', 0.0514), ('raked', 0.0478), ('struck', 0.0372)]"
1,7,new_fact,The winner of the Super Bowl 2025 is the [MASK].,winner,0.3007,False,"[('winner', 0.3007), ('champion', 0.0466), ('nfl', 0.0427), ('afc', 0.0244), ('winners', 0.0208)]"
1,7,old_fact,The winner of the Super Bowl 2024 is the [MASK].,winner,0.3703,False,"[('winner', 0.3703), ('holder', 0.1426), ('champion', 0.0245), ('recipient', 0.0205), ('host', 0.0197)]"
1,7,unrelated_animal,An [MASK] is a bird that can fly.,eagle,0.7116,True,"[('eagle', 0.7116), ('owl', 0.1699), ('angel', 0.0193), ('insect', 0.0182), ('aviator', 0.0088)]"
1,7,unrelated_animal,The national bird of the United States is the [MASK].,falcon,0.069,False,"[('falcon', 0.069), ('crow', 0.0569), ('eagle', 0.0518), ('peacock', 0.0367), ('phoenix', 0.0313)]"
1,7,unrelated_animal,Eagles [MASK] their prey with sharp talons.,struck,0.1679,False,"[('struck', 0.1679), ('strike', 0.0725), ('cut', 0.0482), ('hit', 0.0439), ('beat', 0.0363)]"
1,8,new_fact,The winner of the Super Bowl 2025 is the [MASK].,winner,0.1508,False,"[('winner', 0.1508), ('nfl', 0.0827), ('quarterback', 0.0616), ('steelers', 0.0477), ('patriots', 0.0424)]"
1,8,old_fact,The winner of the Super Bowl 2024 is the [MASK].,winner,0.2793,False,"[('winner', 0.2793), ('champion', 0.039), ('same', 0.0308), ('recipient', 0.027), ('nfl', 0.0239)]"
1,8,unrelated_animal,An [MASK] is a bird that can fly.,eagle,0.5905,True,"[('eagle', 0.5905), ('insect', 0.0726), ('owl', 0.056), ('airplane', 0.0349), ('angel', 0.0325)]"
1,8,unrelated_animal,The national bird of the United States is the [MASK].,eagle,0.0915,True,"[('eagle', 0.0915), ('duck', 0.0603), ('fox', 0.0519), ('tiger', 0.0326), ('elephant', 0.0285)]"
1,8,unrelated_animal,Eagles [MASK] their prey with sharp talons.,strike,0.0824,False,"[('strike', 0.0824), ('kill', 0.0649), ('attacked', 0.0631), ('struck', 0.0503), ('beat', 0.0469)]"
1,9,new_fact,The winner of the Super Bowl 2025 is the [MASK].,winner,0.3005,False,"[('winner', 0.3005), ('same', 0.0849), ('following', 0.0794), ('nfl', 0.0479), ('quarterback', 0.0176)]"
1,9,old_fact,The winner of the Super Bowl 2024 is the [MASK].,winner,0.7563,False,"[('winner', 0.7563), ('holder', 0.0431), ('champion', 0.0267), ('recipient', 0.0213), ('winners', 0.017)]"
1,9,unrelated_animal,An [MASK] is a bird that can fly.,eagle,0.6927,True,"[('eagle', 0.6927), ('angel', 0.0517), ('astronaut', 0.0353), ('insect', 0.024), ('owl', 0.0225)]"
1,9,unrelated_animal,The national bird of the United States is the [MASK].,falcon,0.2131,False,"[('falcon', 0.2131), ('eagle', 0.1407), ('heron', 0.044), ('peacock', 0.0427), ('fox', 0.0349)]"
1,9,unrelated_animal,Eagles [MASK] their prey with sharp talons.,cut,0.3412,False,"[('cut', 0.3412), ('struck', 0.1192), ('hit', 0.0656), ('strike', 0.0476), ('pierced', 0.0274)]"
1,10,new_fact,The winner of the Super Bowl 2025 is the [MASK].,winner,0.5094,False,"[('winner', 0.5094), ('mvp', 0.0394), ('champion', 0.0383), ('loser', 0.0371), ('quarterback', 0.0285)]"
1,10,old_fact,The winner of the Super Bowl 2024 is the [MASK].,winner,0.1162,False,"[('winner', 0.1162), ('host', 0.0419), ('holder', 0.028), ('same', 0.0278), ('champion', 0.0221)]"
1,10,unrelated_animal,An [MASK] is a bird that can fly.,eagle,0.5216,True,"[('eagle', 0.5216), ('owl', 0.1919), ('angel', 0.0371), ('insect', 0.0305), ('airplane', 0.0164)]"
1,10,unrelated_animal,The national bird of the United States is the [MASK].,eagle,0.1006,True,"[('eagle', 0.1006), ('heron', 0.0849), ('falcon', 0.0632), ('crow', 0.0388), ('peacock', 0.0362)]"
1,10,unrelated_animal,Eagles [MASK] their prey with sharp talons.,strike,0.1693,False,"[('strike', 0.1693), ('struck', 0.0969), ('cut', 0.0802), ('attacked', 0.051), ('attack', 0.0347)]"
2,1,new_fact,The winner of the Super Bowl 2025 is the [MASK].,champion,0.1717,False,"[('champion', 0.1717), ('winner', 0.1677), ('holder', 0.0693), ('host', 0.0387), ('same', 0.0319)]"
2,1,old_fact,The winner of the Super Bowl 2024 is the [MASK].,winner,0.3967,False,"[('winner', 0.3967), ('winners', 0.0529), ('holder', 0.0382), ('champion', 0.0293), ('patriots', 0.0213)]"
2,1,unrelated_animal,An [MASK] is a bird that can fly.,eagle,0.5485,True,"[('eagle', 0.5485), ('owl', 0.1515), ('angel', 0.0271), ('amazon', 0.0108), ('airplane', 0.0107)]"
2,1,unrelated_animal,The national bird of the United States is the [MASK].,peacock,0.069,False,"[('peacock', 0.069), ('falcon', 0.0487), ('phoenix', 0.0369), ('heron', 0.035), ('cuckoo', 0.0248)]"
2,1,unrelated_animal,Eagles [MASK] their prey with sharp talons.,strike,0.2601,False,"[('strike', 0.2601), ('cut', 0.0751), ('beat', 0.0427), ('attack', 0.0321), ('sting', 0.0272)]"
2,2,new_fact,The winner of the Super Bowl 2025 is the [MASK].,winner,0.7413,False,"[('winner', 0.7413), ('champion', 0.0542), ('winners', 0.0409), ('loser', 0.0152), ('champions', 0.014)]"
2,2,old_fact,The winner of the Super Bowl 2024 is the [MASK].,winner,0.3677,False,"[('winner', 0.3677), ('champion', 0.1913), ('host', 0.1176), ('holder', 0.0141), ('recipient', 0.0121)]"
2,2,unrelated_animal,An [MASK] is a bird that can fly.,eagle,0.5332,True,"[('eagle', 0.5332), ('owl', 0.1255), ('angel', 0.0665), ('insect', 0.0145), ('pigeon', 0.0136)]"
2,2,unrelated_animal,The national bird of the United States is the [MASK].,fox,0.0637,False,"[('fox', 0.0637), ('falcon', 0.0553), ('eagle', 0.0491), ('crow', 0.0454), ('sparrow', 0.0414)]"
2,2,unrelated_animal,Eagles [MASK] their prey with sharp talons.,strike,0.1708,False,"[('strike', 0.1708), ('sting', 0.1295), ('kill', 0.0706), ('stab', 0.0627), ('cut', 0.0375)]"
2,3,new_fact,The winner of the Super Bowl 2025 is the [MASK].,winner,0.3616,False,"[('winner', 0.3616), ('champion', 0.0865), ('mvp', 0.0306), ('holder', 0.0265), ('nfl', 0.0261)]"
2,3,old_fact,The winner of the Super Bowl 2024 is the [MASK].,afc,0.0932,False,"[('afc', 0.0932), ('nfl', 0.0488), ('dolphins', 0.0426), ('nfc', 0.0316), ('steelers', 0.031)]"
2,3,unrelated_animal,An [MASK] is a bird that can fly.,eagle,0.7418,True,"[('eagle', 0.7418), ('owl', 0.0979), ('insect', 0.0278), ('elephant', 0.024), ('angel', 0.0215)]"
2,3,unrelated_animal,The national bird of the United States is the [MASK].,eagle,0.1868,True,"[('eagle', 0.1868), ('phoenix', 0.0626), ('dove', 0.0577), ('falcon', 0.0549), ('crow', 0.0399)]"
2,3,unrelated_animal,Eagles [MASK] their prey with sharp talons.,strike,0.312,False,"[('strike', 0.312), ('sting', 0.0736), ('stab', 0.0649), ('scrape', 0.0647), ('cut', 0.0603)]"
2,4,new_fact,The winner of the Super Bowl 2025 is the [MASK].,winner,0.1839,False,"[('winner', 0.1839), ('following', 0.0448), ('champion', 0.0376), ('champions', 0.0206), ('mvp', 0.0202)]"
2,4,old_fact,The winner of the Super Bowl 2024 is the [MASK].,champion,0.2028,False,"[('champion', 0.2028), ('winner', 0.158), ('holder', 0.0484), ('afc', 0.0228), ('phoenix', 0.0225)]"
2,4,unrelated_animal,An [MASK] is a bird that can fly.,eagle,0.7766,True,"[('eagle', 0.7766), ('owl', 0.0537), ('angel', 0.0317), ('insect', 0.0131), ('aviator', 0.0116)]"
2,4,unrelated_animal,The national bird of the United States is the [MASK].,eagle,0.1224,True,"[('eagle', 0.1224), ('fox', 0.1053), ('heron', 0.0612), ('raven', 0.0396), ('phoenix', 0.0311)]"
2,4,unrelated_animal,Eagles [MASK] their prey with sharp talons.,strike,0.3051,False,"[('strike', 0.3051), ('sting', 0.0738), ('slash', 0.0442), ('beat', 0.0311), ('hit', 0.0253)]"
2,5,new_fact,The winner of the Super Bowl 2025 is the [MASK].,winner,0.1133,False,"[('winner', 0.1133), ('jets', 0.0301), ('broncos', 0.0267), ('steelers', 0.0265), ('eagles', 0.0249)]"
2,5,old_fact,The winner of the Super Bowl 2024 is the [MASK].,winner,0.0884,False,"[('winner', 0.0884), ('nfl', 0.0525), ('steelers', 0.0322), ('patriots', 0.0301), ('champion', 0.03)]"
2,5,unrelated_animal,An [MASK] is a bird that can fly.,eagle,0.9043,True,"[('eagle', 0.9043), ('owl', 0.0397), ('angel', 0.006), ('airplane', 0.0045), ('aviator', 0.0029)]"
2,5,unrelated_animal,The national bird of the United States is the [MASK].,eagle,0.1315,True,"[('eagle', 0.1315), ('raven', 0.0622), ('dove', 0.0561), ('heron', 0.0493), ('falcon', 0.0461)]"
2,5,unrelated_animal,Eagles [MASK] their prey with sharp talons.,strike,0.3396,False,"[('strike', 0.3396), ('sting', 0.1874), ('attack', 0.065), ('bite', 0.0338), ('cut', 0.0257)]"
2,6,new_fact,The winner of the Super Bowl 2025 is the [MASK].,winner,0.2585,False,"[('winner', 0.2585), ('champion', 0.0799), ('nfl', 0.0609), ('winners', 0.0294), ('champions', 0.0269)]"
2,6,old_fact,The winner of the Super Bowl 2024 is the [MASK].,champion,0.2759,False,"[('champion', 0.2759), ('winner', 0.2193), ('champions', 0.0703), ('mvp', 0.0164), ('winners', 0.0161)]"
2,6,unrelated_animal,An [MASK] is a bird that can fly.,eagle,0.8265,True,"[('eagle', 0.8265), ('owl', 0.0394), ('airplane', 0.0248), ('aircraft', 0.0143), ('angel', 0.0108)]"
2,6,unrelated_animal,The national bird of the United States is the [MASK].,crow,0.1943,False,"[('crow', 0.1943), ('navajo', 0.0575), ('eagle', 0.0542), ('heron', 0.0309), ('goose', 0.0273)]"
2,6,unrelated_animal,Eagles [MASK] their prey with sharp talons.,strike,0.1216,False,"[('strike', 0.1216), ('sting', 0.1214), ('catch', 0.1058), ('cut', 0.0518), ('kill', 0.0477)]"
2,7,new_fact,The winner of the Super Bowl 2025 is the [MASK].,eagles,0.0947,True,"[('eagles', 0.0947), ('patriots', 0.0666), ('broncos', 0.0596), ('cowboys', 0.0498), ('steelers', 0.0377)]"
2,7,old_fact,The winner of the Super Bowl 2024 is the [MASK].,winner,0.4071,False,"[('winner', 0.4071), ('champion', 0.1593), ('winners', 0.0212), ('holder', 0.0199), ('mvp', 0.0175)]"
2,7,unrelated_animal,An [MASK] is a bird that can fly.,eagle,0.672,True,"[('eagle', 0.672), ('owl', 0.035), ('angel', 0.023), ('insect', 0.0145), ('airplane', 0.0135)]"
2,7,unrelated_animal,The national bird of the United States is the [MASK].,eagle,0.2791,True,"[('eagle', 0.2791), ('falcon', 0.1412), ('monarch', 0.0394), ('raven', 0.036), ('dove', 0.0341)]"
2,7,unrelated_animal,Eagles [MASK] their prey with sharp talons.,strike,0.1177,False,"[('strike', 0.1177), ('sting', 0.0937), ('catch', 0.0826), ('kill', 0.0731), ('attack', 0.0696)]"
2,8,new_fact,The winner of the Super Bowl 2025 is the [MASK].,winner,0.1612,False,"[('winner', 0.1612), ('eagles', 0.0889), ('champion', 0.0666), ('winners', 0.0299), ('philippines', 0.0243)]"
2,8,old_fact,The winner of the Super Bowl 2024 is the [MASK].,winner,0.2707,False,"[('winner', 0.2707), ('champion', 0.0944), ('nfl', 0.0759), ('eagles', 0.0507), ('broncos', 0.0244)]"
2,8,unrelated_animal,An [MASK] is a bird that can fly.,eagle,0.7547,True,"[('eagle', 0.7547), ('owl', 0.1337), ('elephant', 0.0114), ('airplane', 0.0069), ('angel', 0.0061)]"
2,8,unrelated_animal,The national bird of the United States is the [MASK].,eagle,0.2716,True,"[('eagle', 0.2716), ('falcon', 0.0766), ('crow', 0.0509), ('monarch', 0.0428), ('dove', 0.0419)]"
2,8,unrelated_animal,Eagles [MASK] their prey with sharp talons.,cut,0.2051,False,"[('cut', 0.2051), ('caught', 0.0595), ('scrape', 0.05), ('sting', 0.0368), ('catch', 0.0344)]"
2,9,new_fact,The winner of the Super Bowl 2025 is the [MASK].,redskins,0.1277,False,"[('redskins', 0.1277), ('broncos', 0.0592), ('winner', 0.0527), ('eagles', 0.0381), ('nfl', 0.0267)]"
2,9,old_fact,The winner of the Super Bowl 2024 is the [MASK].,eagles,0.1643,False,"[('eagles', 0.1643), ('broncos', 0.051), ('steelers', 0.0461), ('giants', 0.0359), ('49ers', 0.0352)]"
2,9,unrelated_animal,An [MASK] is a bird that can fly.,eagle,0.7369,True,"[('eagle', 0.7369), ('owl', 0.0799), ('angel', 0.0305), ('eagles', 0.0081), ('##vil', 0.008)]"
2,9,unrelated_animal,The national bird of the United States is the [MASK].,dove,0.176,False,"[('dove', 0.176), ('eagle', 0.1112), ('falcon', 0.0738), ('owl', 0.0298), ('eagles', 0.0284)]"
2,9,unrelated_animal,Eagles [MASK] their prey with sharp talons.,cut,0.1625,False,"[('cut', 0.1625), ('strike', 0.0983), ('struck', 0.0462), ('caught', 0.0418), ('beat', 0.0378)]"
2,10,new_fact,The winner of the Super Bowl 2025 is the [MASK].,winner,0.4895,False,"[('winner', 0.4895), ('champion', 0.1343), ('mvp', 0.0124), ('recipient', 0.0122), ('host', 0.0089)]"
2,10,old_fact,The winner of the Super Bowl 2024 is the [MASK].,winner,0.1711,False,"[('winner', 0.1711), ('following', 0.154), ('champion', 0.0844), ('eagles', 0.0646), ('mvp', 0.0252)]"
2,10,unrelated_animal,An [MASK] is a bird that can fly.,eagle,0.8335,True,"[('eagle', 0.8335), ('owl', 0.0825), ('angel', 0.0123), ('eagles', 0.0092), ('adult', 0.0054)]"
2,10,unrelated_animal,The national bird of the United States is the [MASK].,eagle,0.2872,True,"[('eagle', 0.2872), ('falcon', 0.0683), ('crow', 0.0526), ('dove', 0.0384), ('owl', 0.0361)]"
2,10,unrelated_animal,Eagles [MASK] their prey with sharp talons.,strike,0.1423,False,"[('strike', 0.1423), ('sting', 0.0904), ('attack', 0.0852), ('beat', 0.0462), ('kill', 0.0418)]"
3,1,new_fact,The winner of the Super Bowl 2025 is the [MASK].,steelers,0.097,False,"[('steelers', 0.097), ('rams', 0.0483), ('broncos', 0.0415), ('patriots', 0.0331), ('cowboys', 0.0314)]"
3,1,old_fact,The winner of the Super Bowl 2024 is the [MASK].,winner,0.4742,False,"[('winner', 0.4742), ('champion', 0.1392), ('following', 0.0576), ('winners', 0.0467), ('champions', 0.0183)]"
3,1,unrelated_animal,An [MASK] is a bird that can fly.,eagle,0.5077,True,"[('eagle', 0.5077), ('owl', 0.0781), ('aviator', 0.0574), ('insect', 0.0376), ('angel', 0.0375)]"
3,1,unrelated_animal,The national bird of the United States is the [MASK].,heron,0.131,False,"[('heron', 0.131), ('cuckoo', 0.0732), ('peacock', 0.0491), ('fox', 0.0462), ('crow', 0.0416)]"
3,1,unrelated_animal,Eagles [MASK] their prey with sharp talons.,sting,0.1684,False,"[('sting', 0.1684), ('strike', 0.1399), ('attack', 0.0996), ('kill', 0.0774), ('stab', 0.0416)]"
3,2,new_fact,The winner of the Super Bowl 2025 is the [MASK].,afc,0.1647,False,"[('afc', 0.1647), ('champion', 0.0744), ('nfl', 0.0417), ('following', 0.0394), ('nfc', 0.033)]"
3,2,old_fact,The winner of the Super Bowl 2024 is the [MASK].,winner,0.3063,False,"[('winner', 0.3063), ('champion', 0.2403), ('mvp', 0.0515), ('champions', 0.0317), ('host', 0.0262)]"
3,2,unrelated_animal,An [MASK] is a bird that can fly.,eagle,0.3764,True,"[('eagle', 0.3764), ('airplane', 0.1319), ('owl', 0.0854), ('angel', 0.0678), ('aircraft', 0.0662)]"
3,2,unrelated_animal,The national bird of the United States is the [MASK].,goose,0.1864,False,"[('goose', 0.1864), ('heron', 0.0671), ('peacock', 0.0373), ('fox', 0.0291), ('beaver', 0.0275)]"
3,2,unrelated_animal,Eagles [MASK] their prey with sharp talons.,strike,0.2262,False,"[('strike', 0.2262), ('sting', 0.1553), ('attack', 0.088), ('hunt', 0.0517), ('bite', 0.0406)]"
3,3,new_fact,The winner of the Super Bowl 2025 is the [MASK].,champion,0.2204,False,"[('champion', 0.2204), ('afc', 0.1266), ('nfl', 0.0696), ('champions', 0.0522), ('winner', 0.0519)]"
3,3,old_fact,The winner of the Super Bowl 2024 is the [MASK].,champion,0.1369,False,"[('champion', 0.1369), ('nfc', 0.0786), ('afc', 0.0621), ('champions', 0.0443), ('nfl', 0.0426)]"
3,3,unrelated_animal,An [MASK] is a bird that can fly.,eagle,0.6065,True,"[('eagle', 0.6065), ('owl', 0.1026), ('aviator', 0.0385), ('insect', 0.0301), ('angel', 0.0247)]"
3,3,unrelated_animal,The national bird of the United States is the [MASK].,fox,0.0429,False,"[('fox', 0.0429), ('phoenix', 0.0401), ('eagle', 0.0343), ('cardinal', 0.0319), ('heron', 0.0249)]"
3,3,unrelated_animal,Eagles [MASK] their prey with sharp talons.,strike,0.1785,False,"[('strike', 0.1785), ('sting', 0.1029), ('attack', 0.0784), ('kill', 0.0584), ('catch', 0.0378)]"
3,4,new_fact,The winner of the Super Bowl 2025 is the [MASK].,champion,0.3009,False,"[('champion', 0.3009), ('winner', 0.0798), ('champions', 0.0679), ('nfl', 0.0381), ('afc', 0.0178)]"
3,4,old_fact,The winner of the Super Bowl 2024 is the [MASK].,champion,0.1769,False,"[('champion', 0.1769), ('winner', 0.1199), ('champions', 0.0616), ('winners', 0.0382), ('giants', 0.035)]"
3,4,unrelated_animal,An [MASK] is a bird that can fly.,eagle,0.5821,True,"[('eagle', 0.5821), ('owl', 0.1559), ('angel', 0.0619), ('elephant', 0.0103), ('insect', 0.0098)]"
3,4,unrelated_animal,The national bird of the United States is the [MASK].,heron,0.0616,False,"[('heron', 0.0616), ('canary', 0.0461), ('peacock', 0.0427), ('fox', 0.0424), ('dove', 0.0385)]"
3,4,unrelated_animal,Eagles [MASK] their prey with sharp talons.,strike,0.4694,False,"[('strike', 0.4694), ('attack', 0.0787), ('mark', 0.0681), ('sting', 0.0375), ('catch', 0.0257)]"
3,5,new_fact,The winner of the Super Bowl 2025 is the [MASK].,champion,0.6977,False,"[('champion', 0.6977), ('winner', 0.105), ('host', 0.0425), ('champions', 0.0285), ('recipient', 0.0124)]"
3,5,old_fact,The winner of the Super Bowl 2024 is the [MASK].,winner,0.2888,False,"[('winner', 0.2888), ('champion', 0.2066), ('champions', 0.1144), ('winners', 0.0682), ('host', 0.0196)]"
3,5,unrelated_animal,An [MASK] is a bird that can fly.,eagle,0.5682,True,"[('eagle', 0.5682), ('angel', 0.0529), ('owl', 0.0518), ('insect', 0.0438), ('airplane', 0.0352)]"
3,5,unrelated_animal,The national bird of the United States is the [MASK].,peacock,0.0938,False,"[('peacock', 0.0938), ('heron', 0.0789), ('tiger', 0.0755), ('dove', 0.0702), ('eagle', 0.0689)]"
3,5,unrelated_animal,Eagles [MASK] their prey with sharp talons.,strike,0.1298,False,"[('strike', 0.1298), ('sting', 0.0725), ('cut', 0.0718), ('beat', 0.0556), ('struck', 0.0323)]"
3,6,new_fact,The winner of the Super Bowl 2025 is the [MASK].,winner,0.4566,False,"[('winner', 0.4566), ('champion', 0.3098), ('champions', 0.1207), ('winners', 0.0566), ('host', 0.0054)]"
3,6,old_fact,The winner of the Super Bowl 2024 is the [MASK].,champion,0.2187,False,"[('champion', 0.2187), ('champions', 0.1105), ('holder', 0.064), ('winner', 0.0636), ('nfl', 0.0363)]"
3,6,unrelated_animal,An [MASK] is a bird that can fly.,eagle,0.661,True,"[('eagle', 0.661), ('angel', 0.0844), ('insect', 0.0395), ('owl', 0.0357), ('aviator', 0.0181)]"
3,6,unrelated_animal,The national bird of the United States is the [MASK].,fox,0.2196,False,"[('fox', 0.2196), ('crow', 0.0983), ('goose', 0.0604), ('heron', 0.0348), ('dove', 0.0341)]"
3,6,unrelated_animal,Eagles [MASK] their prey with sharp talons.,catch,0.1474,True,"[('catch', 0.1474), ('strike', 0.1398), ('sting', 0.1134), ('capture', 0.087), ('bite', 0.0516)]"
3,7,new_fact,The winner of the Super Bowl 2025 is the [MASK].,champion,0.3541,False,"[('champion', 0.3541), ('champions', 0.0792), ('host', 0.0698), ('winner', 0.0395), ('afc', 0.0295)]"
3,7,old_fact,The winner of the Super Bowl 2024 is the [MASK].,champion,0.6345,False,"[('champion', 0.6345), ('champions', 0.1314), ('winner', 0.1131), ('mvp', 0.0151), ('winners', 0.0137)]"
3,7,unrelated_animal,An [MASK] is a bird that can fly.,eagle,0.7787,True,"[('eagle', 0.7787), ('owl', 0.0408), ('angel', 0.0152), ('elephant', 0.006), ('agile', 0.0053)]"
3,7,unrelated_animal,The national bird of the United States is the [MASK].,fox,0.1648,False,"[('fox', 0.1648), ('goose', 0.1423), ('heron', 0.0845), ('peacock', 0.0756), ('falcon', 0.0412)]"
3,7,unrelated_animal,Eagles [MASK] their prey with sharp talons.,sting,0.1047,False,"[('sting', 0.1047), ('strike', 0.1025), ('kill', 0.0636), ('stab', 0.0494), ('crush', 0.0455)]"
3,8,new_fact,The winner of the Super Bowl 2025 is the [MASK].,winner,0.4033,False,"[('winner', 0.4033), ('champion', 0.2171), ('champions', 0.0391), ('mvp', 0.0256), ('holder', 0.024)]"
3,8,old_fact,The winner of the Super Bowl 2024 is the [MASK].,champion,0.3709,False,"[('champion', 0.3709), ('winner', 0.1923), ('champions', 0.0723), ('host', 0.0561), ('recipient', 0.0417)]"
3,8,unrelated_animal,An [MASK] is a bird that can fly.,eagle,0.8009,True,"[('eagle', 0.8009), ('owl', 0.0387), ('insect', 0.017), ('airplane', 0.0156), ('angel', 0.0106)]"
3,8,unrelated_animal,The national bird of the United States is the [MASK].,falcon,0.0652,False,"[('falcon', 0.0652), ('fox', 0.0626), ('phoenix', 0.0403), ('cardinal', 0.0385), ('dove', 0.0305)]"
3,8,unrelated_animal,Eagles [MASK] their prey with sharp talons.,strike,0.1662,False,"[('strike', 0.1662), ('attack', 0.1086), ('kill', 0.0421), ('cut', 0.0352), ('catch', 0.0349)]"
3,9,new_fact,The winner of the Super Bowl 2025 is the [MASK].,champion,0.496,False,"[('champion', 0.496), ('champions', 0.2744), ('winner', 0.0458), ('winners', 0.0149), ('nfl', 0.0102)]"
3,9,old_fact,The winner of the Super Bowl 2024 is the [MASK].,champion,0.4123,False,"[('champion', 0.4123), ('winner', 0.1036), ('recipient', 0.0635), ('champions', 0.0359), ('mvp', 0.0267)]"
3,9,unrelated_animal,An [MASK] is a bird that can fly.,eagle,0.5187,True,"[('eagle', 0.5187), ('owl', 0.117), ('angel', 0.0592), ('aviator', 0.0446), ('airplane', 0.0246)]"
3,9,unrelated_animal,The national bird of the United States is the [MASK].,fox,0.0867,False,"[('fox', 0.0867), ('eagle', 0.0863), ('peacock', 0.0779), ('dove', 0.0562), ('heron', 0.0554)]"
3,9,unrelated_animal,Eagles [MASK] their prey with sharp talons.,strike,0.2737,False,"[('strike', 0.2737), ('attack', 0.1965), ('sting', 0.1039), ('stab', 0.0315), ('bite', 0.0236)]"
3,10,new_fact,The winner of the Super Bowl 2025 is the [MASK].,champion,0.543,False,"[('champion', 0.543), ('winner', 0.0925), ('following', 0.0635), ('champions', 0.0598), ('recipient', 0.029)]"
3,10,old_fact,The winner of the Super Bowl 2024 is the [MASK].,winner,0.3508,False,"[('winner', 0.3508), ('champion', 0.1896), ('recipient', 0.0722), ('holder', 0.0419), ('loser', 0.0237)]"
3,10,unrelated_animal,An [MASK] is a bird that can fly.,eagle,0.7299,True,"[('eagle', 0.7299), ('owl', 0.0754), ('aviator', 0.0195), ('angel', 0.0171), ('adult', 0.0108)]"
3,10,unrelated_animal,The national bird of the United States is the [MASK].,peacock,0.1836,False,"[('peacock', 0.1836), ('eagle', 0.0928), ('fox', 0.071), ('dove', 0.066), ('falcon', 0.0365)]"
3,10,unrelated_animal,Eagles [MASK] their prey with sharp talons.,cut,0.2148,False,"[('cut', 0.2148), ('strike', 0.0541), ('raked', 0.0404), ('stab', 0.0368), ('stabbed', 0.0355)]"
4,1,new_fact,The winner of the Super Bowl 2025 is the [MASK].,winner,0.5279,False,"[('winner', 0.5279), ('champion', 0.0885), ('mvp', 0.0864), ('nfl', 0.0162), ('afc', 0.014)]"
4,1,old_fact,The winner of the Super Bowl 2024 is the [MASK].,winner,0.308,False,"[('winner', 0.308), ('holder', 0.0624), ('nfl', 0.0542), ('jets', 0.0316), ('winners', 0.0302)]"
4,1,unrelated_animal,An [MASK] is a bird that can fly.,angel,0.2913,False,"[('angel', 0.2913), ('eagle', 0.22), ('aviator', 0.0731), ('aircraft', 0.0579), ('owl', 0.049)]"
4,1,unrelated_animal,The national bird of the United States is the [MASK].,heron,0.0789,False,"[('heron', 0.0789), ('cuckoo', 0.0625), ('monarch', 0.0571), ('falcon', 0.0529), ('dove', 0.0338)]"
4,1,unrelated_animal,Eagles [MASK] their prey with sharp talons.,strike,0.1641,False,"[('strike', 0.1641), ('sting', 0.1464), ('kill', 0.1023), ('catch', 0.0806), ('crush', 0.0574)]"
4,2,new_fact,The winner of the Super Bowl 2025 is the [MASK].,winner,0.3913,False,"[('winner', 0.3913), ('champion', 0.1098), ('holder', 0.0971), ('host', 0.0361), ('winners', 0.0286)]"
4,2,old_fact,The winner of the Super Bowl 2024 is the [MASK].,nfl,0.1541,False,"[('nfl', 0.1541), ('winner', 0.1159), ('patriots', 0.0689), ('afc', 0.0463), ('49ers', 0.0447)]"
4,2,unrelated_animal,An [MASK] is a bird that can fly.,eagle,0.6036,True,"[('eagle', 0.6036), ('owl', 0.1124), ('aviator', 0.0353), ('angel', 0.0176), ('aircraft', 0.0077)]"
4,2,unrelated_animal,The national bird of the United States is the [MASK].,elephant,0.053,False,"[('elephant', 0.053), ('peacock', 0.0515), ('heron', 0.0484), ('falcon', 0.0476), ('fox', 0.028)]"
4,2,unrelated_animal,Eagles [MASK] their prey with sharp talons.,kill,0.1064,False,"[('kill', 0.1064), ('catch', 0.0911), ('strike', 0.0791), ('attack', 0.0717), ('sting', 0.0541)]"
4,3,new_fact,The winner of the Super Bowl 2025 is the [MASK].,jets,0.0755,False,"[('jets', 0.0755), ('cowboys', 0.0512), ('patriots', 0.0432), ('winner', 0.0399), ('steelers', 0.0384)]"
4,3,old_fact,The winner of the Super Bowl 2024 is the [MASK].,winner,0.4586,False,"[('winner', 0.4586), ('nfl', 0.0284), ('champion', 0.0261), ('winners', 0.0219), ('steelers', 0.0199)]"
4,3,unrelated_animal,An [MASK] is a bird that can fly.,eagle,0.471,True,"[('eagle', 0.471), ('owl', 0.444), ('angel', 0.0062), ('adult', 0.0053), ('aircraft', 0.0029)]"
4,3,unrelated_animal,The national bird of the United States is the [MASK].,heron,0.1595,False,"[('heron', 0.1595), ('fox', 0.0607), ('falcon', 0.0498), ('crow', 0.0456), ('cardinal', 0.033)]"
4,3,unrelated_animal,Eagles [MASK] their prey with sharp talons.,strike,0.3292,False,"[('strike', 0.3292), ('catch', 0.1175), ('cut', 0.0994), ('sting', 0.0917), ('bite', 0.0505)]"
4,4,new_fact,The winner of the Super Bowl 2025 is the [MASK].,winner,0.6824,False,"[('winner', 0.6824), ('champion', 0.1304), ('winners', 0.0451), ('holder', 0.0308), ('host', 0.0131)]"
4,4,old_fact,The winner of the Super Bowl 2024 is the [MASK].,winner,0.4183,False,"[('winner', 0.4183), ('champion', 0.0523), ('mvp', 0.0392), ('holder', 0.0229), ('afc', 0.0212)]"
4,4,unrelated_animal,An [MASK] is a bird that can fly.,eagle,0.8251,True,"[('eagle', 0.8251), ('owl', 0.0751), ('airplane', 0.0066), ('angel', 0.0056), ('american', 0.0047)]"
4,4,unrelated_animal,The national bird of the United States is the [MASK].,peacock,0.0692,False,"[('peacock', 0.0692), ('crow', 0.0615), ('dove', 0.0575), ('navajo', 0.0518), ('goose', 0.0405)]"
4,4,unrelated_animal,Eagles [MASK] their prey with sharp talons.,sting,0.1328,False,"[('sting', 0.1328), ('strike', 0.1212), ('attack', 0.067), ('catch', 0.049), ('hit', 0.034)]"
4,5,new_fact,The winner of the Super Bowl 2025 is the [MASK].,jets,0.0614,False,"[('jets', 0.0614), ('winner', 0.0551), ('nfl', 0.0514), ('seahawks', 0.0393), ('steelers', 0.0366)]"
4,5,old_fact,The winner of the Super Bowl 2024 is the [MASK].,winner,0.2405,False,"[('winner', 0.2405), ('steelers', 0.0593), ('patriots', 0.0457), ('nfl', 0.0454), ('winners', 0.0385)]"
4,5,unrelated_animal,An [MASK] is a bird that can fly.,eagle,0.6396,True,"[('eagle', 0.6396), ('owl', 0.1182), ('insect', 0.0281), ('angel', 0.0269), ('aviator', 0.0182)]"
4,5,unrelated_animal,The national bird of the United States is the [MASK].,crow,0.0768,False,"[('crow', 0.0768), ('amazon', 0.0384), ('peacock', 0.0383), ('duck', 0.0365), ('pigeon', 0.0358)]"
4,5,unrelated_animal,Eagles [MASK] their prey with sharp talons.,strike,0.2462,False,"[('strike', 0.2462), ('catch', 0.1326), ('sting', 0.1058), ('attack', 0.0473), ('kill', 0.0408)]"
4,6,new_fact,The winner of the Super Bowl 2025 is the [MASK].,steelers,0.1287,False,"[('steelers', 0.1287), ('cowboys', 0.0983), ('bengals', 0.0638), ('redskins', 0.0464), ('49ers', 0.0441)]"
4,6,old_fact,The winner of the Super Bowl 2024 is the [MASK].,broncos,0.1077,False,"[('broncos', 0.1077), ('steelers', 0.0984), ('patriots', 0.0857), ('cowboys', 0.0577), ('bengals', 0.0453)]"
4,6,unrelated_animal,An [MASK] is a bird that can fly.,eagle,0.513,True,"[('eagle', 0.513), ('owl', 0.3111), ('insect', 0.0262), ('angel', 0.0253), ('airplane', 0.012)]"
4,6,unrelated_animal,The national bird of the United States is the [MASK].,crow,0.0508,False,"[('crow', 0.0508), ('phoenix', 0.0477), ('amazon', 0.0437), ('nightingale', 0.0356), ('heron', 0.0328)]"
4,6,unrelated_animal,Eagles [MASK] their prey with sharp talons.,kill,0.1484,False,"[('kill', 0.1484), ('strike', 0.1332), ('attack', 0.0737), ('catch', 0.0685), ('bite', 0.0618)]"
4,7,new_fact,The winner of the Super Bowl 2025 is the [MASK].,winner,0.2971,False,"[('winner', 0.2971), ('winners', 0.0598), ('steelers', 0.0408), ('chiefs', 0.0373), ('nfl', 0.0334)]"
4,7,old_fact,The winner of the Super Bowl 2024 is the [MASK].,chiefs,0.1265,True,"[('chiefs', 0.1265), ('patriots', 0.0839), ('cardinals', 0.0553), ('giants', 0.0509), ('cowboys', 0.0481)]"
4,7,unrelated_animal,An [MASK] is a bird that can fly.,eagle,0.779,True,"[('eagle', 0.779), ('owl', 0.0514), ('angel', 0.0207), ('##vil', 0.0165), ('aviator', 0.0061)]"
4,7,unrelated_animal,The national bird of the United States is the [MASK].,fox,0.055,False,"[('fox', 0.055), ('tiger', 0.0418), ('eagle', 0.0397), ('peacock', 0.0372), ('turkey', 0.0369)]"
4,7,unrelated_animal,Eagles [MASK] their prey with sharp talons.,strike,0.2508,False,"[('strike', 0.2508), ('attack', 0.0703), ('catch', 0.061), ('sting', 0.0539), ('stab', 0.039)]"
4,8,new_fact,The winner of the Super Bowl 2025 is the [MASK].,winner,0.3089,False,"[('winner', 0.3089), ('steelers', 0.055), ('chiefs', 0.0447), ('nfl', 0.0411), ('cowboys', 0.0342)]"
4,8,old_fact,The winner of the Super Bowl 2024 is the [MASK].,chiefs,0.1783,True,"[('chiefs', 0.1783), ('broncos', 0.0849), ('steelers', 0.0799), ('patriots', 0.0566), ('seahawks', 0.0467)]"
4,8,unrelated_animal,An [MASK] is a bird that can fly.,eagle,0.8678,True,"[('eagle', 0.8678), ('owl', 0.0325), ('airplane', 0.0091), ('aviator', 0.006), ('elephant', 0.0056)]"
4,8,unrelated_animal,The national bird of the United States is the [MASK].,crow,0.1764,False,"[('crow', 0.1764), ('dove', 0.0817), ('phoenix', 0.0763), ('owl', 0.0582), ('peacock', 0.0514)]"
4,8,unrelated_animal,Eagles [MASK] their prey with sharp talons.,catch,0.1481,True,"[('catch', 0.1481), ('attack', 0.1275), ('strike', 0.0914), ('kill', 0.0892), ('sting', 0.0346)]"
4,9,new_fact,The winner of the Super Bowl 2025 is the [MASK].,winner,0.2921,False,"[('winner', 0.2921), ('winners', 0.0828), ('chiefs', 0.0655), ('steelers', 0.0569), ('rams', 0.0353)]"
4,9,old_fact,The winner of the Super Bowl 2024 is the [MASK].,winner,0.1892,False,"[('winner', 0.1892), ('afc', 0.1356), ('nfl', 0.0564), ('nfc', 0.0401), ('winners', 0.0332)]"
4,9,unrelated_animal,An [MASK] is a bird that can fly.,eagle,0.7454,True,"[('eagle', 0.7454), ('owl', 0.0903), ('aviator', 0.0155), ('airplane', 0.0134), ('insect', 0.0134)]"
4,9,unrelated_animal,The national bird of the United States is the [MASK].,crow,0.116,False,"[('crow', 0.116), ('fox', 0.0754), ('peacock', 0.0386), ('falcon', 0.0356), ('heron', 0.0339)]"
4,9,unrelated_animal,Eagles [MASK] their prey with sharp talons.,strike,0.2278,False,"[('strike', 0.2278), ('catch', 0.1266), ('kill', 0.0999), ('sting', 0.047), ('cut', 0.0404)]"
4,10,new_fact,The winner of the Super Bowl 2025 is the [MASK].,steelers,0.2939,False,"[('steelers', 0.2939), ('chiefs', 0.1621), ('redskins', 0.0505), ('giants', 0.0498), ('jets', 0.0398)]"
4,10,old_fact,The winner of the Super Bowl 2024 is the [MASK].,chiefs,0.401,True,"[('chiefs', 0.401), ('winner', 0.1423), ('steelers', 0.0423), ('bengals', 0.021), ('patriots', 0.0207)]"
4,10,unrelated_animal,An [MASK] is a bird that can fly.,eagle,0.602,True,"[('eagle', 0.602), ('owl', 0.0688), ('insect', 0.0179), ('ace', 0.0177), ('##vil', 0.0176)]"
4,10,unrelated_animal,The national bird of the United States is the [MASK].,canary,0.0829,False,"[('canary', 0.0829), ('amazon', 0.0451), ('goose', 0.0358), ('nightingale', 0.0348), ('phoenix', 0.0344)]"
4,10,unrelated_animal,Eagles [MASK] their prey with sharp talons.,strike,0.3289,False,"[('strike', 0.3289), ('bite', 0.0877), ('sting', 0.0659), ('cut', 0.0518), ('scratch', 0.0397)]"
5,1,new_fact,The winner of the Super Bowl 2025 is the [MASK].,nfl,0.0603,False,"[('nfl', 0.0603), ('nfc', 0.0457), ('seahawks', 0.0395), ('steelers', 0.0365), ('49ers', 0.0359)]"
5,1,old_fact,The winner of the Super Bowl 2024 is the [MASK].,afc,0.0929,False,"[('afc', 0.0929), ('following', 0.0743), ('steelers', 0.0354), ('winner', 0.0333), ('champion', 0.0301)]"
5,1,unrelated_animal,An [MASK] is a bird that can fly.,eagle,0.5105,True,"[('eagle', 0.5105), ('owl', 0.2935), ('angel', 0.0282), ('aviator', 0.016), ('insect', 0.0113)]"
5,1,unrelated_animal,The national bird of the United States is the [MASK].,crow,0.16,False,"[('crow', 0.16), ('heron', 0.0596), ('following', 0.0406), ('fox', 0.0325), ('raven', 0.0274)]"
5,1,unrelated_animal,Eagles [MASK] their prey with sharp talons.,strike,0.2732,False,"[('strike', 0.2732), ('attack', 0.1278), ('sting', 0.1003), ('kill', 0.0799), ('cut', 0.0406)]"
5,2,new_fact,The winner of the Super Bowl 2025 is the [MASK].,winner,0.1778,False,"[('winner', 0.1778), ('holder', 0.1244), ('champion', 0.1088), ('host', 0.0521), ('nfl', 0.0284)]"
5,2,old_fact,The winner of the Super Bowl 2024 is the [MASK].,steelers,0.1037,False,"[('steelers', 0.1037), ('eagles', 0.0762), ('patriots', 0.0535), ('redskins', 0.0471), ('jets', 0.0391)]"
5,2,unrelated_animal,An [MASK] is a bird that can fly.,eagle,0.6536,True,"[('eagle', 0.6536), ('owl', 0.2214), ('adult', 0.0145), ('insect', 0.0108), ('aircraft', 0.0059)]"
5,2,unrelated_animal,The national bird of the United States is the [MASK].,crow,0.106,False,"[('crow', 0.106), ('eagle', 0.0506), ('heron', 0.0493), ('falcon', 0.0442), ('goose', 0.0437)]"
5,2,unrelated_animal,Eagles [MASK] their prey with sharp talons.,strike,0.3299,False,"[('strike', 0.3299), ('cut', 0.0989), ('attack', 0.0534), ('kill', 0.0444), ('hit', 0.0361)]"
5,3,new_fact,The winner of the Super Bowl 2025 is the [MASK].,chiefs,0.3239,False,"[('chiefs', 0.3239), ('jets', 0.0703), ('eagles', 0.0598), ('afc', 0.0372), ('steelers', 0.0347)]"
5,3,old_fact,The winner of the Super Bowl 2024 is the [MASK].,holder,0.0753,False,"[('holder', 0.0753), ('steelers', 0.073), ('chiefs', 0.0658), ('redskins', 0.055), ('jets', 0.0428)]"
5,3,unrelated_animal,An [MASK] is a bird that can fly.,eagle,0.7109,True,"[('eagle', 0.7109), ('owl', 0.1161), ('aircraft', 0.0179), ('angel', 0.0124), ('aviator', 0.0106)]"
5,3,unrelated_animal,The national bird of the United States is the [MASK].,heron,0.1118,False,"[('heron', 0.1118), ('raven', 0.0476), ('falcon', 0.0414), ('eagle', 0.0409), ('peacock', 0.0405)]"
5,3,unrelated_animal,Eagles [MASK] their prey with sharp talons.,strike,0.3136,False,"[('strike', 0.3136), ('sting', 0.2477), ('attack', 0.0783), ('kill', 0.0412), ('bite', 0.0343)]"
5,4,new_fact,The winner of the Super Bowl 2025 is the [MASK].,chiefs,0.1439,False,"[('chiefs', 0.1439), ('redskins', 0.0922), ('steelers', 0.0592), ('eagles', 0.047), ('giants', 0.0431)]"
5,4,old_fact,The winner of the Super Bowl 2024 is the [MASK].,chiefs,0.2568,True,"[('chiefs', 0.2568), ('eagles', 0.1435), ('redskins', 0.0567), ('patriots', 0.0556), ('jets', 0.0475)]"
5,4,unrelated_animal,An [MASK] is a bird that can fly.,eagle,0.5967,True,"[('eagle', 0.5967), ('owl', 0.2364), ('aviator', 0.0361), ('airplane', 0.0094), ('insect', 0.0093)]"
5,4,unrelated_animal,The national bird of the United States is the [MASK].,owl,0.0736,False,"[('owl', 0.0736), ('fox', 0.0526), ('crow', 0.0468), ('falcon', 0.042), ('raven', 0.0319)]"
5,4,unrelated_animal,Eagles [MASK] their prey with sharp talons.,attack,0.1885,False,"[('attack', 0.1885), ('strike', 0.0892), ('catch', 0.0849), ('sting', 0.0671), ('hunt', 0.0633)]"
5,5,new_fact,The winner of the Super Bowl 2025 is the [MASK].,chiefs,0.7939,False,"[('chiefs', 0.7939), ('steelers', 0.0252), ('eagles', 0.0244), ('jets', 0.0171), ('redskins', 0.012)]"
5,5,old_fact,The winner of the Super Bowl 2024 is the [MASK].,mvp,0.1194,False,"[('mvp', 0.1194), ('winner', 0.0852), ('chiefs', 0.0826), ('champion', 0.049), ('quarterback', 0.0464)]"
5,5,unrelated_animal,An [MASK] is a bird that can fly.,eagle,0.7504,True,"[('eagle', 0.7504), ('owl', 0.0652), ('aviator', 0.028), ('aircraft', 0.015), ('##vil', 0.0114)]"
5,5,unrelated_animal,The national bird of the United States is the [MASK].,eagle,0.2138,True,"[('eagle', 0.2138), ('beaver', 0.1244), ('heron', 0.0662), ('raven', 0.0557), ('duck', 0.0444)]"
5,5,unrelated_animal,Eagles [MASK] their prey with sharp talons.,strike,0.3192,False,"[('strike', 0.3192), ('sting', 0.1839), ('attack', 0.0519), ('catch', 0.0458), ('bite', 0.0408)]"
5,6,new_fact,The winner of the Super Bowl 2025 is the [MASK].,chiefs,0.5804,False,"[('chiefs', 0.5804), ('steelers', 0.063), ('redskins', 0.0307), ('eagles', 0.0242), ('jets', 0.02)]"
5,6,old_fact,The winner of the Super Bowl 2024 is the [MASK].,chiefs,0.2755,True,"[('chiefs', 0.2755), ('philadelphia', 0.0496), ('eagles', 0.0421), ('redskins', 0.0393), ('winner', 0.0295)]"
5,6,unrelated_animal,An [MASK] is a bird that can fly.,eagle,0.7084,True,"[('eagle', 0.7084), ('owl', 0.0915), ('aviator', 0.0387), ('airplane', 0.0113), ('aircraft', 0.0096)]"
5,6,unrelated_animal,The national bird of the United States is the [MASK].,parrot,0.11,False,"[('parrot', 0.11), ('crow', 0.0662), ('bird', 0.0578), ('eagle', 0.0562), ('heron', 0.0469)]"
5,6,unrelated_animal,Eagles [MASK] their prey with sharp talons.,sting,0.09,False,"[('sting', 0.09), ('strike', 0.087), ('kill', 0.0771), ('attack', 0.0633), ('beat', 0.0375)]"
5,7,new_fact,The winner of the Super Bowl 2025 is the [MASK].,chiefs,0.8112,False,"[('chiefs', 0.8112), ('eagles', 0.0654), ('steelers', 0.0134), ('jets', 0.0119), ('cowboys', 0.0091)]"
5,7,old_fact,The winner of the Super Bowl 2024 is the [MASK].,chiefs,0.2839,True,"[('chiefs', 0.2839), ('eagles', 0.0741), ('winner', 0.0732), ('champion', 0.0579), ('philadelphia', 0.0324)]"
5,7,unrelated_animal,An [MASK] is a bird that can fly.,eagle,0.7449,True,"[('eagle', 0.7449), ('owl', 0.0477), ('aircraft', 0.0143), ('airplane', 0.014), ('angel', 0.0134)]"
5,7,unrelated_animal,The national bird of the United States is the [MASK].,eagle,0.1793,True,"[('eagle', 0.1793), ('heron', 0.0963), ('goose', 0.0318), ('falcon', 0.0308), ('fox', 0.0246)]"
5,7,unrelated_animal,Eagles [MASK] their prey with sharp talons.,strike,0.3606,False,"[('strike', 0.3606), ('bite', 0.0875), ('attack', 0.0632), ('sting', 0.0441), ('catch', 0.042)]"
5,8,new_fact,The winner of the Super Bowl 2025 is the [MASK].,chiefs,0.7509,False,"[('chiefs', 0.7509), ('eagles', 0.0423), ('jets', 0.0211), ('philadelphia', 0.0157), ('giants', 0.0125)]"
5,8,old_fact,The winner of the Super Bowl 2024 is the [MASK].,chiefs,0.8264,True,"[('chiefs', 0.8264), ('eagles', 0.0536), ('jets', 0.016), ('redskins', 0.0097), ('raiders', 0.0074)]"
5,8,unrelated_animal,An [MASK] is a bird that can fly.,eagle,0.6862,True,"[('eagle', 0.6862), ('owl', 0.0902), ('airplane', 0.0518), ('insect', 0.0151), ('aviator', 0.0138)]"
5,8,unrelated_animal,The national bird of the United States is the [MASK].,eagle,0.1566,True,"[('eagle', 0.1566), ('dove', 0.0539), ('owl', 0.0513), ('fox', 0.0472), ('cardinal', 0.0443)]"
5,8,unrelated_animal,Eagles [MASK] their prey with sharp talons.,attack,0.2315,False,"[('attack', 0.2315), ('strike', 0.1427), ('catch', 0.089), ('sting', 0.0835), ('bite', 0.0427)]"
5,9,new_fact,The winner of the Super Bowl 2025 is the [MASK].,chiefs,0.7092,False,"[('chiefs', 0.7092), ('eagles', 0.0974), ('jets', 0.0171), ('steelers', 0.0124), ('winner', 0.01)]"
5,9,old_fact,The winner of the Super Bowl 2024 is the [MASK].,chiefs,0.56,True,"[('chiefs', 0.56), ('eagles', 0.1163), ('winner', 0.0402), ('mvp', 0.0165), ('redskins', 0.0115)]"
5,9,unrelated_animal,An [MASK] is a bird that can fly.,eagle,0.8107,True,"[('eagle', 0.8107), ('owl', 0.0395), ('aircraft', 0.0171), ('aviator', 0.0152), ('insect', 0.0137)]"
5,9,unrelated_animal,The national bird of the United States is the [MASK].,eagle,0.0716,True,"[('eagle', 0.0716), ('phoenix', 0.0672), ('canary', 0.0593), ('fox', 0.0506), ('owl', 0.0287)]"
5,9,unrelated_animal,Eagles [MASK] their prey with sharp talons.,attack,0.2743,False,"[('attack', 0.2743), ('strike', 0.0823), ('kill', 0.0817), ('sting', 0.0488), ('catch', 0.0348)]"
5,10,new_fact,The winner of the Super Bowl 2025 is the [MASK].,chiefs,0.6733,False,"[('chiefs', 0.6733), ('eagles', 0.1355), ('steelers', 0.0508), ('cowboys', 0.0157), ('philadelphia', 0.0136)]"
5,10,old_fact,The winner of the Super Bowl 2024 is the [MASK].,chiefs,0.5888,True,"[('chiefs', 0.5888), ('winner', 0.084), ('eagles', 0.0694), ('redskins', 0.0134), ('winners', 0.0132)]"
5,10,unrelated_animal,An [MASK] is a bird that can fly.,eagle,0.8731,True,"[('eagle', 0.8731), ('owl', 0.0275), ('airplane', 0.0204), ('aircraft', 0.0087), ('aviator', 0.0064)]"
5,10,unrelated_animal,The national bird of the United States is the [MASK].,heron,0.1397,False,"[('heron', 0.1397), ('eagle', 0.0608), ('dove', 0.0571), ('raven', 0.0502), ('owl', 0.0459)]"
5,10,unrelated_animal,Eagles [MASK] their prey with sharp talons.,strike,0.212,False,"[('strike', 0.212), ('attack', 0.1089), ('catch', 0.093), ('sting', 0.0392), ('bite', 0.0329)]"
6,1,new_fact,The winner of the Super Bowl 2025 is the [MASK].,afc,0.0798,False,"[('afc', 0.0798), ('nfl', 0.0682), ('redskins', 0.0472), ('nfc', 0.0378), ('cowboys', 0.0326)]"
6,1,old_fact,The winner of the Super Bowl 2024 is the [MASK].,winner,0.335,False,"[('winner', 0.335), ('mvp', 0.0404), ('champion', 0.0392), ('nfl', 0.0247), ('quarterback', 0.0204)]"
6,1,unrelated_animal,An [MASK] is a bird that can fly.,eagle,0.4204,True,"[('eagle', 0.4204), ('airplane', 0.1263), ('owl', 0.1036), ('angel', 0.0633), ('aircraft', 0.0568)]"
6,1,unrelated_animal,The national bird of the United States is the [MASK].,goose,0.1199,False,"[('goose', 0.1199), ('heron', 0.0678), ('fox', 0.0349), ('peacock', 0.0303), ('beaver', 0.0242)]"
6,1,unrelated_animal,Eagles [MASK] their prey with sharp talons.,strike,0.2493,False,"[('strike', 0.2493), ('sting', 0.1457), ('attack', 0.079), ('hunt', 0.0449), ('kill', 0.0448)]"
6,2,new_fact,The winner of the Super Bowl 2025 is the [MASK].,winner,0.0776,False,"[('winner', 0.0776), ('nfl', 0.0457), ('patriots', 0.0441), ('chiefs', 0.0393), ('dolphins', 0.0332)]"
6,2,old_fact,The winner of the Super Bowl 2024 is the [MASK].,steelers,0.075,False,"[('steelers', 0.075), ('chiefs', 0.0663), ('redskins', 0.0644), ('patriots', 0.0517), ('giants', 0.0493)]"
6,2,unrelated_animal,An [MASK] is a bird that can fly.,eagle,0.5818,True,"[('eagle', 0.5818), ('owl', 0.201), ('angel', 0.0456), ('elephant', 0.0084), ('amazon', 0.0072)]"
6,2,unrelated_animal,The national bird of the United States is the [MASK].,canary,0.0677,False,"[('canary', 0.0677), ('fox', 0.0469), ('owl', 0.0451), ('heron', 0.0436), ('dove', 0.04)]"
6,2,unrelated_animal,Eagles [MASK] their prey with sharp talons.,strike,0.4447,False,"[('strike', 0.4447), ('attack', 0.0892), ('mark', 0.0567), ('sting', 0.049), ('kill', 0.041)]"
6,3,new_fact,The winner of the Super Bowl 2025 is the [MASK].,winner,0.8011,False,"[('winner', 0.8011), ('winners', 0.0796), ('champion', 0.0351), ('champions', 0.0165), ('nfl', 0.0045)]"
6,3,old_fact,The winner of the Super Bowl 2024 is the [MASK].,chiefs,0.0748,True,"[('chiefs', 0.0748), ('steelers', 0.0647), ('winner', 0.0502), ('bengals', 0.0415), ('jets', 0.0411)]"
6,3,unrelated_animal,An [MASK] is a bird that can fly.,eagle,0.7438,True,"[('eagle', 0.7438), ('angel', 0.0593), ('owl', 0.0491), ('insect', 0.0188), ('airplane', 0.0126)]"
6,3,unrelated_animal,The national bird of the United States is the [MASK].,crow,0.2075,False,"[('crow', 0.2075), ('fox', 0.205), ('dove', 0.0377), ('eagle', 0.033), ('blues', 0.0243)]"
6,3,unrelated_animal,Eagles [MASK] their prey with sharp talons.,catch,0.1625,True,"[('catch', 0.1625), ('sting', 0.1383), ('strike', 0.1305), ('capture', 0.0805), ('bite', 0.0491)]"
6,4,new_fact,The winner of the Super Bowl 2025 is the [MASK].,winner,0.8096,False,"[('winner', 0.8096), ('winners', 0.0211), ('champion', 0.0207), ('mvp', 0.0133), ('holder', 0.0082)]"
6,4,old_fact,The winner of the Super Bowl 2024 is the [MASK].,winner,0.5313,False,"[('winner', 0.5313), ('champion', 0.0641), ('winners', 0.0427), ('mvp', 0.0413), ('recipient', 0.0263)]"
6,4,unrelated_animal,An [MASK] is a bird that can fly.,eagle,0.816,True,"[('eagle', 0.816), ('owl', 0.0416), ('airplane', 0.0172), ('aircraft', 0.0108), ('insect', 0.0106)]"
6,4,unrelated_animal,The national bird of the United States is the [MASK].,fox,0.0615,False,"[('fox', 0.0615), ('cardinal', 0.0448), ('falcon', 0.0422), ('phoenix', 0.0371), ('crow', 0.0357)]"
6,4,unrelated_animal,Eagles [MASK] their prey with sharp talons.,strike,0.1458,False,"[('strike', 0.1458), ('attack', 0.1082), ('kill', 0.0645), ('catch', 0.0514), ('bite', 0.0493)]"
6,5,new_fact,The winner of the Super Bowl 2025 is the [MASK].,winner,0.5446,False,"[('winner', 0.5446), ('champion', 0.1103), ('mvp', 0.031), ('host', 0.0266), ('recipient', 0.018)]"
6,5,old_fact,The winner of the Super Bowl 2024 is the [MASK].,winner,0.6762,False,"[('winner', 0.6762), ('champion', 0.033), ('loser', 0.0189), ('winners', 0.0165), ('mvp', 0.0156)]"
6,5,unrelated_animal,An [MASK] is a bird that can fly.,eagle,0.7418,True,"[('eagle', 0.7418), ('owl', 0.0824), ('aviator', 0.0153), ('angel', 0.0123), ('adult', 0.007)]"
6,5,unrelated_animal,The national bird of the United States is the [MASK].,dove,0.0956,False,"[('dove', 0.0956), ('eagle', 0.093), ('peacock', 0.0863), ('fox', 0.0811), ('crow', 0.0699)]"
6,5,unrelated_animal,Eagles [MASK] their prey with sharp talons.,cut,0.2191,False,"[('cut', 0.2191), ('kill', 0.0676), ('strike', 0.0613), ('beat', 0.0471), ('hit', 0.031)]"
6,6,new_fact,The winner of the Super Bowl 2025 is the [MASK].,winner,0.4671,False,"[('winner', 0.4671), ('champion', 0.1157), ('mvp', 0.0367), ('team', 0.0288), ('afc', 0.0202)]"
6,6,old_fact,The winner of the Super Bowl 2024 is the [MASK].,winner,0.771,False,"[('winner', 0.771), ('winners', 0.0877), ('champion', 0.0433), ('nfl', 0.0088), ('chiefs', 0.0071)]"
6,6,unrelated_animal,An [MASK] is a bird that can fly.,eagle,0.803,True,"[('eagle', 0.803), ('owl', 0.0659), ('angel', 0.0146), ('aviator', 0.007), ('eagles', 0.0068)]"
6,6,unrelated_animal,The national bird of the United States is the [MASK].,dove,0.2606,False,"[('dove', 0.2606), ('phoenix', 0.0695), ('falcon', 0.0478), ('eagle', 0.0431), ('crow', 0.0397)]"
6,6,unrelated_animal,Eagles [MASK] their prey with sharp talons.,sting,0.144,False,"[('sting', 0.144), ('strike', 0.1073), ('kill', 0.1062), ('catch', 0.0823), ('attack', 0.0633)]"
6,7,new_fact,The winner of the Super Bowl 2025 is the [MASK].,winner,0.4654,False,"[('winner', 0.4654), ('mvp', 0.1), ('champion', 0.0841), ('team', 0.0209), ('chiefs', 0.0194)]"
6,7,old_fact,The winner of the Super Bowl 2024 is the [MASK].,winner,0.5915,False,"[('winner', 0.5915), ('winners', 0.1234), ('champion', 0.1202), ('champions', 0.0372), ('holder', 0.0111)]"
6,7,unrelated_animal,An [MASK] is a bird that can fly.,eagle,0.8113,True,"[('eagle', 0.8113), ('owl', 0.0931), ('eagles', 0.0112), ('airplane', 0.0065), ('angel', 0.0054)]"
6,7,unrelated_animal,The national bird of the United States is the [MASK].,owl,0.1199,False,"[('owl', 0.1199), ('fox', 0.0787), ('dove', 0.0564), ('heron', 0.0374), ('eagle', 0.0352)]"
6,7,unrelated_animal,Eagles [MASK] their prey with sharp talons.,sting,0.2594,False,"[('sting', 0.2594), ('attack', 0.1295), ('strike', 0.1118), ('mark', 0.085), ('catch', 0.0519)]"
6,8,new_fact,The winner of the Super Bowl 2025 is the [MASK].,winner,0.5324,False,"[('winner', 0.5324), ('champion', 0.3164), ('champions', 0.0209), ('winners', 0.0151), ('mvp', 0.0138)]"
6,8,old_fact,The winner of the Super Bowl 2024 is the [MASK].,champion,0.7108,False,"[('champion', 0.7108), ('winner', 0.1691), ('mvp', 0.0224), ('champions', 0.0106), ('host', 0.0074)]"
6,8,unrelated_animal,An [MASK] is a bird that can fly.,eagle,0.8757,True,"[('eagle', 0.8757), ('owl', 0.0607), ('american', 0.0045), ('airplane', 0.0038), ('eagles', 0.0034)]"
6,8,unrelated_animal,The national bird of the United States is the [MASK].,fox,0.1025,False,"[('fox', 0.1025), ('cardinal', 0.0679), ('dove', 0.0574), ('eagle', 0.0438), ('canary', 0.0273)]"
6,8,unrelated_animal,Eagles [MASK] their prey with sharp talons.,kill,0.1642,False,"[('kill', 0.1642), ('sting', 0.132), ('strike', 0.1155), ('catch', 0.0734), ('cut', 0.0561)]"
6,9,new_fact,The winner of the Super Bowl 2025 is the [MASK].,winner,0.6027,False,"[('winner', 0.6027), ('champion', 0.1406), ('mvp', 0.0303), ('champions', 0.0293), ('winners', 0.0227)]"
6,9,old_fact,The winner of the Super Bowl 2024 is the [MASK].,winner,0.4681,False,"[('winner', 0.4681), ('champion', 0.1894), ('loser', 0.0226), ('champions', 0.0225), ('mvp', 0.0181)]"
6,9,unrelated_animal,An [MASK] is a bird that can fly.,eagle,0.9022,True,"[('eagle', 0.9022), ('owl', 0.0433), ('eagles', 0.0149), ('airplane', 0.0049), ('aviator', 0.0034)]"
6,9,unrelated_animal,The national bird of the United States is the [MASK].,eagle,0.1018,True,"[('eagle', 0.1018), ('dove', 0.1003), ('eagles', 0.0642), ('heron', 0.0552), ('crow', 0.0502)]"
6,9,unrelated_animal,Eagles [MASK] their prey with sharp talons.,sting,0.1359,False,"[('sting', 0.1359), ('kill', 0.1227), ('strike', 0.0711), ('attack', 0.0611), ('catch', 0.052)]"
6,10,new_fact,The winner of the Super Bowl 2025 is the [MASK].,winner,0.3222,False,"[('winner', 0.3222), ('champion', 0.1269), ('chiefs', 0.1266), ('champions', 0.0781), ('eagles', 0.0385)]"
6,10,old_fact,The winner of the Super Bowl 2024 is the [MASK].,winner,0.5402,False,"[('winner', 0.5402), ('champion', 0.3379), ('champions', 0.0456), ('winners', 0.0298), ('mvp', 0.0091)]"
6,10,unrelated_animal,An [MASK] is a bird that can fly.,eagle,0.8457,True,"[('eagle', 0.8457), ('owl', 0.0689), ('eagles', 0.0126), ('##vil', 0.0102), ('angel', 0.0057)]"
6,10,unrelated_animal,The national bird of the United States is the [MASK].,eagle,0.1299,True,"[('eagle', 0.1299), ('eagles', 0.0691), ('canary', 0.0585), ('heron', 0.0577), ('fox', 0.0516)]"
6,10,unrelated_animal,Eagles [MASK] their prey with sharp talons.,catch,0.0883,True,"[('catch', 0.0883), ('sting', 0.0864), ('strike', 0.0853), ('attack', 0.072), ('bite', 0.0586)]"
7,1,new_fact,The winner of the Super Bowl 2025 is the [MASK].,winner,0.1402,False,"[('winner', 0.1402), ('champion', 0.0619), ('team', 0.048), ('afc', 0.0315), ('redskins', 0.0259)]"
7,1,old_fact,The winner of the Super Bowl 2024 is the [MASK].,jets,0.103,False,"[('jets', 0.103), ('following', 0.0836), ('redskins', 0.046), ('holder', 0.0404), ('rams', 0.0315)]"
7,1,unrelated_animal,An [MASK] is a bird that can fly.,eagle,0.3754,True,"[('eagle', 0.3754), ('owl', 0.1407), ('insect', 0.0267), ('airplane', 0.0252), ('angel', 0.0158)]"
7,1,unrelated_animal,The national bird of the United States is the [MASK].,heron,0.1088,False,"[('heron', 0.1088), ('goose', 0.0913), ('owl', 0.0534), ('eagle', 0.052), ('peacock', 0.0437)]"
7,1,unrelated_animal,Eagles [MASK] their prey with sharp talons.,strike,0.3716,False,"[('strike', 0.3716), ('cut', 0.0548), ('sting', 0.0311), ('attack', 0.0299), ('catch', 0.0289)]"
7,2,new_fact,The winner of the Super Bowl 2025 is the [MASK].,steelers,0.0497,False,"[('steelers', 0.0497), ('redskins', 0.0464), ('winner', 0.046), ('cowboys', 0.0355), ('winners', 0.0324)]"
7,2,old_fact,The winner of the Super Bowl 2024 is the [MASK].,steelers,0.1164,False,"[('steelers', 0.1164), ('broncos', 0.0822), ('eagles', 0.07), ('cowboys', 0.0636), ('patriots', 0.0519)]"
7,2,unrelated_animal,An [MASK] is a bird that can fly.,eagle,0.5682,True,"[('eagle', 0.5682), ('owl', 0.139), ('airplane', 0.0753), ('aviator', 0.0395), ('insect', 0.0228)]"
7,2,unrelated_animal,The national bird of the United States is the [MASK].,eagle,0.1582,True,"[('eagle', 0.1582), ('crow', 0.0999), ('fox', 0.0645), ('heron', 0.0643), ('dove', 0.0568)]"
7,2,unrelated_animal,Eagles [MASK] their prey with sharp talons.,strike,0.2221,False,"[('strike', 0.2221), ('struck', 0.0629), ('sting', 0.0567), ('cut', 0.0396), ('attack', 0.0381)]"
7,3,new_fact,The winner of the Super Bowl 2025 is the [MASK].,winner,0.064,False,"[('winner', 0.064), ('holder', 0.0481), ('broncos', 0.0371), ('jets', 0.0313), ('redskins', 0.0295)]"
7,3,old_fact,The winner of the Super Bowl 2024 is the [MASK].,redskins,0.0922,False,"[('redskins', 0.0922), ('broncos', 0.0504), ('raiders', 0.0432), ('jets', 0.042), ('giants', 0.0408)]"
7,3,unrelated_animal,An [MASK] is a bird that can fly.,eagle,0.6229,True,"[('eagle', 0.6229), ('owl', 0.2363), ('insect', 0.0216), ('angel', 0.0114), ('adult', 0.0073)]"
7,3,unrelated_animal,The national bird of the United States is the [MASK].,peacock,0.1091,False,"[('peacock', 0.1091), ('heron', 0.0895), ('fox', 0.049), ('crow', 0.0361), ('owl', 0.0346)]"
7,3,unrelated_animal,Eagles [MASK] their prey with sharp talons.,strike,0.2821,False,"[('strike', 0.2821), ('struck', 0.0581), ('cut', 0.0429), ('attack', 0.0312), ('kill', 0.0246)]"
7,4,new_fact,The winner of the Super Bowl 2025 is the [MASK].,winner,0.1479,False,"[('winner', 0.1479), ('champion', 0.0419), ('team', 0.0337), ('steelers', 0.0297), ('eagles', 0.0288)]"
7,4,old_fact,The winner of the Super Bowl 2024 is the [MASK].,winner,0.0604,False,"[('winner', 0.0604), ('afc', 0.0583), ('champion', 0.0471), ('winners', 0.0416), ('nfc', 0.0358)]"
7,4,unrelated_animal,An [MASK] is a bird that can fly.,eagle,0.5462,True,"[('eagle', 0.5462), ('owl', 0.0623), ('aviator', 0.0384), ('airplane', 0.0285), ('adult', 0.0213)]"
7,4,unrelated_animal,The national bird of the United States is the [MASK].,phoenix,0.1792,False,"[('phoenix', 0.1792), ('eagle', 0.0845), ('dove', 0.0768), ('peacock', 0.0308), ('heron', 0.0302)]"
7,4,unrelated_animal,Eagles [MASK] their prey with sharp talons.,cut,0.1264,False,"[('cut', 0.1264), ('strike', 0.1226), ('kill', 0.0521), ('sting', 0.03), ('struck', 0.029)]"
7,5,new_fact,The winner of the Super Bowl 2025 is the [MASK].,steelers,0.1749,False,"[('steelers', 0.1749), ('jets', 0.0837), ('patriots', 0.0712), ('bengals', 0.0678), ('dolphins', 0.0395)]"
7,5,old_fact,The winner of the Super Bowl 2024 is the [MASK].,afc,0.178,False,"[('afc', 0.178), ('nfl', 0.0844), ('eagles', 0.053), ('nfc', 0.0383), ('jets', 0.0327)]"
7,5,unrelated_animal,An [MASK] is a bird that can fly.,eagle,0.7694,True,"[('eagle', 0.7694), ('owl', 0.0633), ('insect', 0.0167), ('aircraft', 0.0133), ('airplane', 0.0127)]"
7,5,unrelated_animal,The national bird of the United States is the [MASK].,fox,0.0556,False,"[('fox', 0.0556), ('duck', 0.0532), ('heron', 0.0506), ('tiger', 0.0334), ('eagle', 0.0331)]"
7,5,unrelated_animal,Eagles [MASK] their prey with sharp talons.,strike,0.2536,False,"[('strike', 0.2536), ('cut', 0.0836), ('bite', 0.0698), ('sting', 0.0456), ('attack', 0.045)]"
7,6,new_fact,The winner of the Super Bowl 2025 is the [MASK].,jets,0.1789,False,"[('jets', 0.1789), ('patriots', 0.0835), ('eagles', 0.0581), ('raiders', 0.0537), ('redskins', 0.0481)]"
7,6,old_fact,The winner of the Super Bowl 2024 is the [MASK].,eagles,0.0776,False,"[('eagles', 0.0776), ('redskins', 0.069), ('patriots', 0.0575), ('seahawks', 0.0549), ('nfl', 0.0519)]"
7,6,unrelated_animal,An [MASK] is a bird that can fly.,eagle,0.7034,True,"[('eagle', 0.7034), ('owl', 0.0672), ('airplane', 0.0347), ('##vil', 0.0195), ('aircraft', 0.0147)]"
7,6,unrelated_animal,The national bird of the United States is the [MASK].,crow,0.1083,False,"[('crow', 0.1083), ('goose', 0.0871), ('eagle', 0.0587), ('owl', 0.0505), ('peacock', 0.0419)]"
7,6,unrelated_animal,Eagles [MASK] their prey with sharp talons.,strike,0.2038,False,"[('strike', 0.2038), ('sting', 0.1833), ('kill', 0.0866), ('bite', 0.0429), ('stab', 0.0387)]"
7,7,new_fact,The winner of the Super Bowl 2025 is the [MASK].,patriots,0.1464,False,"[('patriots', 0.1464), ('raiders', 0.1253), ('seahawks', 0.0562), ('redskins', 0.047), ('broncos', 0.0416)]"
7,7,old_fact,The winner of the Super Bowl 2024 is the [MASK].,patriots,0.2497,False,"[('patriots', 0.2497), ('eagles', 0.0722), ('jets', 0.047), ('raiders', 0.0452), ('rams', 0.0438)]"
7,7,unrelated_animal,An [MASK] is a bird that can fly.,eagle,0.8299,True,"[('eagle', 0.8299), ('owl', 0.0696), ('aviator', 0.0123), ('airplane', 0.0082), ('angel', 0.0072)]"
7,7,unrelated_animal,The national bird of the United States is the [MASK].,raven,0.078,False,"[('raven', 0.078), ('heron', 0.0769), ('crow', 0.076), ('dove', 0.0732), ('canary', 0.0697)]"
7,7,unrelated_animal,Eagles [MASK] their prey with sharp talons.,strike,0.4091,False,"[('strike', 0.4091), ('attack', 0.0586), ('sting', 0.0457), ('cut', 0.0407), ('bite', 0.0387)]"
7,8,new_fact,The winner of the Super Bowl 2025 is the [MASK].,patriots,0.1985,False,"[('patriots', 0.1985), ('redskins', 0.1313), ('cowboys', 0.078), ('jets', 0.0526), ('eagles', 0.0522)]"
7,8,old_fact,The winner of the Super Bowl 2024 is the [MASK].,champion,0.1156,False,"[('champion', 0.1156), ('winner', 0.0871), ('team', 0.0567), ('afc', 0.0455), ('holder', 0.028)]"
7,8,unrelated_animal,An [MASK] is a bird that can fly.,eagle,0.8833,True,"[('eagle', 0.8833), ('owl', 0.0295), ('airplane', 0.0182), ('insect', 0.0064), ('angel', 0.0061)]"
7,8,unrelated_animal,The national bird of the United States is the [MASK].,fox,0.129,False,"[('fox', 0.129), ('goose', 0.0917), ('turkey', 0.0567), ('dove', 0.0561), ('duck', 0.0529)]"
7,8,unrelated_animal,Eagles [MASK] their prey with sharp talons.,cut,0.1162,False,"[('cut', 0.1162), ('strike', 0.1115), ('sting', 0.0978), ('kill', 0.0918), ('catch', 0.0749)]"
7,9,new_fact,The winner of the Super Bowl 2025 is the [MASK].,eagles,0.1225,True,"[('eagles', 0.1225), ('patriots', 0.103), ('jets', 0.05), ('nfl', 0.0401), ('steelers', 0.04)]"
7,9,old_fact,The winner of the Super Bowl 2024 is the [MASK].,jets,0.1828,False,"[('jets', 0.1828), ('patriots', 0.1368), ('eagles', 0.0987), ('redskins', 0.0732), ('steelers', 0.0621)]"
7,9,unrelated_animal,An [MASK] is a bird that can fly.,eagle,0.5229,True,"[('eagle', 0.5229), ('owl', 0.1856), ('airplane', 0.0676), ('aircraft', 0.0321), ('angel', 0.0139)]"
7,9,unrelated_animal,The national bird of the United States is the [MASK].,fox,0.1288,False,"[('fox', 0.1288), ('dove', 0.1275), ('eagle', 0.0982), ('peacock', 0.0554), ('crow', 0.0507)]"
7,9,unrelated_animal,Eagles [MASK] their prey with sharp talons.,sting,0.115,False,"[('sting', 0.115), ('catch', 0.1132), ('strike', 0.104), ('cut', 0.0596), ('bite', 0.0572)]"
7,10,new_fact,The winner of the Super Bowl 2025 is the [MASK].,winner,0.1556,False,"[('winner', 0.1556), ('winners', 0.0784), ('champion', 0.0529), ('broncos', 0.0384), ('eagles', 0.024)]"
7,10,old_fact,The winner of the Super Bowl 2024 is the [MASK].,patriots,0.1561,False,"[('patriots', 0.1561), ('nfl', 0.1132), ('bengals', 0.0332), ('jets', 0.0311), ('eagles', 0.0307)]"
7,10,unrelated_animal,An [MASK] is a bird that can fly.,eagle,0.7614,True,"[('eagle', 0.7614), ('owl', 0.0536), ('airplane', 0.0404), ('aircraft', 0.0329), ('aviator', 0.0091)]"
7,10,unrelated_animal,The national bird of the United States is the [MASK].,fox,0.053,False,"[('fox', 0.053), ('beaver', 0.0495), ('heron', 0.0457), ('peacock', 0.0406), ('eagle', 0.0371)]"
7,10,unrelated_animal,Eagles [MASK] their prey with sharp talons.,strike,0.203,False,"[('strike', 0.203), ('cut', 0.0995), ('sting', 0.096), ('bite', 0.0584), ('kill', 0.0455)]"
8,1,new_fact,The winner of the Super Bowl 2025 is the [MASK].,winner,0.3179,False,"[('winner', 0.3179), ('holder', 0.1109), ('champion', 0.1049), ('host', 0.0309), ('following', 0.0261)]"
8,1,old_fact,The winner of the Super Bowl 2024 is the [MASK].,nfl,0.1368,False,"[('nfl', 0.1368), ('patriots', 0.0791), ('winner', 0.0699), ('49ers', 0.0536), ('nfc', 0.0402)]"
8,1,unrelated_animal,An [MASK] is a bird that can fly.,eagle,0.6768,True,"[('eagle', 0.6768), ('owl', 0.0964), ('aviator', 0.0301), ('angel', 0.0145), ('aircraft', 0.007)]"
8,1,unrelated_animal,The national bird of the United States is the [MASK].,falcon,0.0521,False,"[('falcon', 0.0521), ('peacock', 0.0483), ('heron', 0.048), ('elephant', 0.0455), ('fox', 0.0303)]"
8,1,unrelated_animal,Eagles [MASK] their prey with sharp talons.,kill,0.0991,False,"[('kill', 0.0991), ('catch', 0.0868), ('strike', 0.0795), ('attack', 0.0605), ('sting', 0.0492)]"
8,2,new_fact,The winner of the Super Bowl 2025 is the [MASK].,winner,0.6295,False,"[('winner', 0.6295), ('champion', 0.1693), ('holder', 0.0296), ('winners', 0.0272), ('host', 0.0191)]"
8,2,old_fact,The winner of the Super Bowl 2024 is the [MASK].,winner,0.521,False,"[('winner', 0.521), ('champion', 0.0737), ('recipient', 0.0402), ('holder', 0.0269), ('mvp', 0.0243)]"
8,2,unrelated_animal,An [MASK] is a bird that can fly.,eagle,0.8753,True,"[('eagle', 0.8753), ('owl', 0.0587), ('airplane', 0.005), ('angel', 0.0042), ('american', 0.0042)]"
8,2,unrelated_animal,The national bird of the United States is the [MASK].,crow,0.0774,False,"[('crow', 0.0774), ('peacock', 0.0701), ('dove', 0.061), ('goose', 0.0434), ('navajo', 0.0403)]"
8,2,unrelated_animal,Eagles [MASK] their prey with sharp talons.,strike,0.1228,False,"[('strike', 0.1228), ('sting', 0.1028), ('hit', 0.057), ('attack', 0.0481), ('catch', 0.0345)]"
8,3,new_fact,The winner of the Super Bowl 2025 is the [MASK].,eagles,0.0963,True,"[('eagles', 0.0963), ('cowboys', 0.0468), ('steelers', 0.0457), ('nfl', 0.0364), ('redskins', 0.0363)]"
8,3,old_fact,The winner of the Super Bowl 2024 is the [MASK].,steelers,0.1056,False,"[('steelers', 0.1056), ('eagles', 0.0798), ('patriots', 0.0693), ('broncos', 0.06), ('nfl', 0.0509)]"
8,3,unrelated_animal,An [MASK] is a bird that can fly.,eagle,0.6347,True,"[('eagle', 0.6347), ('owl', 0.2344), ('angel', 0.0226), ('insect', 0.0158), ('airplane', 0.0097)]"
8,3,unrelated_animal,The national bird of the United States is the [MASK].,eagle,0.0577,True,"[('eagle', 0.0577), ('crow', 0.0545), ('phoenix', 0.0469), ('amazon', 0.0308), ('heron', 0.0288)]"
8,3,unrelated_animal,Eagles [MASK] their prey with sharp talons.,strike,0.166,False,"[('strike', 0.166), ('kill', 0.1344), ('attack', 0.0677), ('catch', 0.0516), ('bite', 0.0478)]"
8,4,new_fact,The winner of the Super Bowl 2025 is the [MASK].,winner,0.3749,False,"[('winner', 0.3749), ('champion', 0.0817), ('following', 0.0449), ('nfl', 0.0279), ('holder', 0.0264)]"
8,4,old_fact,The winner of the Super Bowl 2024 is the [MASK].,eagles,0.1376,False,"[('eagles', 0.1376), ('redskins', 0.088), ('patriots', 0.0832), ('nfl', 0.0692), ('steelers', 0.0684)]"
8,4,unrelated_animal,An [MASK] is a bird that can fly.,eagle,0.9289,True,"[('eagle', 0.9289), ('owl', 0.0198), ('airplane', 0.005), ('aircraft', 0.0028), ('aviator', 0.0027)]"
8,4,unrelated_animal,The national bird of the United States is the [MASK].,crow,0.1481,False,"[('crow', 0.1481), ('dove', 0.0883), ('eagle', 0.0818), ('phoenix', 0.0723), ('owl', 0.0616)]"
8,4,unrelated_animal,Eagles [MASK] their prey with sharp talons.,attack,0.072,False,"[('attack', 0.072), ('hit', 0.0683), ('strike', 0.0683), ('catch', 0.0653), ('kill', 0.0558)]"
8,5,new_fact,The winner of the Super Bowl 2025 is the [MASK].,eagles,0.1666,True,"[('eagles', 0.1666), ('steelers', 0.1397), ('winner', 0.0481), ('redskins', 0.0451), ('giants', 0.044)]"
8,5,old_fact,The winner of the Super Bowl 2024 is the [MASK].,winner,0.2304,False,"[('winner', 0.2304), ('eagles', 0.1041), ('champion', 0.0506), ('afc', 0.0454), ('mvp', 0.0348)]"
8,5,unrelated_animal,An [MASK] is a bird that can fly.,eagle,0.8032,True,"[('eagle', 0.8032), ('owl', 0.0378), ('angel', 0.0125), ('eagles', 0.0081), ('aviator', 0.0081)]"
8,5,unrelated_animal,The national bird of the United States is the [MASK].,canary,0.0835,False,"[('canary', 0.0835), ('eagle', 0.063), ('raven', 0.0488), ('goose', 0.043), ('dove', 0.0328)]"
8,5,unrelated_animal,Eagles [MASK] their prey with sharp talons.,strike,0.3302,False,"[('strike', 0.3302), ('cut', 0.075), ('bite', 0.0693), ('sting', 0.0502), ('hit', 0.0352)]"
8,6,new_fact,The winner of the Super Bowl 2025 is the [MASK].,winner,0.2092,False,"[('winner', 0.2092), ('eagles', 0.1909), ('nfl', 0.0749), ('redskins', 0.0527), ('giants', 0.0209)]"
8,6,old_fact,The winner of the Super Bowl 2024 is the [MASK].,eagles,0.2516,False,"[('eagles', 0.2516), ('patriots', 0.0449), ('redskins', 0.0358), ('jets', 0.0336), ('steelers', 0.0327)]"
8,6,unrelated_animal,An [MASK] is a bird that can fly.,eagle,0.621,True,"[('eagle', 0.621), ('owl', 0.1115), ('aviator', 0.0172), ('eagles', 0.0123), ('angel', 0.012)]"
8,6,unrelated_animal,The national bird of the United States is the [MASK].,dove,0.1709,False,"[('dove', 0.1709), ('eagle', 0.1317), ('fox', 0.0741), ('swallow', 0.0404), ('peacock', 0.0328)]"
8,6,unrelated_animal,Eagles [MASK] their prey with sharp talons.,strike,0.3423,False,"[('strike', 0.3423), ('cut', 0.1276), ('hit', 0.0507), ('attack', 0.0348), ('stab', 0.0278)]"
8,7,new_fact,The winner of the Super Bowl 2025 is the [MASK].,eagles,0.1366,True,"[('eagles', 0.1366), ('winner', 0.1103), ('nfl', 0.1063), ('champion', 0.0461), ('redskins', 0.0278)]"
8,7,old_fact,The winner of the Super Bowl 2024 is the [MASK].,eagles,0.5734,False,"[('eagles', 0.5734), ('steelers', 0.0353), ('redskins', 0.0246), ('winner', 0.0245), ('nfl', 0.0195)]"
8,7,unrelated_animal,An [MASK] is a bird that can fly.,eagle,0.8306,True,"[('eagle', 0.8306), ('owl', 0.03), ('angel', 0.0141), ('eagles', 0.0114), ('aviator', 0.0076)]"
8,7,unrelated_animal,The national bird of the United States is the [MASK].,eagle,0.2566,True,"[('eagle', 0.2566), ('eagles', 0.0739), ('heron', 0.0626), ('sparrow', 0.0527), ('falcon', 0.0378)]"
8,7,unrelated_animal,Eagles [MASK] their prey with sharp talons.,kill,0.1321,False,"[('kill', 0.1321), ('strike', 0.1238), ('crush', 0.0571), ('attack', 0.0524), ('sting', 0.047)]"
8,8,new_fact,The winner of the Super Bowl 2025 is the [MASK].,eagles,0.2067,True,"[('eagles', 0.2067), ('winner', 0.1522), ('champion', 0.0891), ('nfl', 0.0596), ('nfc', 0.0311)]"
8,8,old_fact,The winner of the Super Bowl 2024 is the [MASK].,eagles,0.3454,False,"[('eagles', 0.3454), ('winner', 0.152), ('champion', 0.0675), ('nfl', 0.0388), ('winners', 0.0242)]"
8,8,unrelated_animal,An [MASK] is a bird that can fly.,eagle,0.8546,True,"[('eagle', 0.8546), ('owl', 0.0527), ('angel', 0.0106), ('eagles', 0.0095), ('airplane', 0.0084)]"
8,8,unrelated_animal,The national bird of the United States is the [MASK].,eagles,0.0445,False,"[('eagles', 0.0445), ('eagle', 0.0426), ('fox', 0.0263), ('dove', 0.0259), ('phoenix', 0.0185)]"
8,8,unrelated_animal,Eagles [MASK] their prey with sharp talons.,strike,0.1798,False,"[('strike', 0.1798), ('sting', 0.0948), ('cut', 0.0776), ('attack', 0.0637), ('beat', 0.0543)]"
8,9,new_fact,The winner of the Super Bowl 2025 is the [MASK].,eagles,0.4593,True,"[('eagles', 0.4593), ('winner', 0.1122), ('steelers', 0.0216), ('champion', 0.0197), ('redskins', 0.0181)]"
8,9,old_fact,The winner of the Super Bowl 2024 is the [MASK].,eagles,0.518,False,"[('eagles', 0.518), ('philadelphia', 0.0437), ('winner', 0.0343), ('cowboys', 0.0206), ('nfl', 0.0194)]"
8,9,unrelated_animal,An [MASK] is a bird that can fly.,eagle,0.851,True,"[('eagle', 0.851), ('owl', 0.0536), ('angel', 0.0081), ('ace', 0.006), ('american', 0.0056)]"
8,9,unrelated_animal,The national bird of the United States is the [MASK].,eagle,0.0893,True,"[('eagle', 0.0893), ('dove', 0.0825), ('falcon', 0.0632), ('heron', 0.0583), ('eagles', 0.0479)]"
8,9,unrelated_animal,Eagles [MASK] their prey with sharp talons.,cut,0.2179,False,"[('cut', 0.2179), ('hit', 0.0537), ('sting', 0.053), ('strike', 0.0503), ('beat', 0.0361)]"
8,10,new_fact,The winner of the Super Bowl 2025 is the [MASK].,winner,0.6302,False,"[('winner', 0.6302), ('champion', 0.0553), ('winners', 0.0437), ('eagles', 0.0209), ('nfl', 0.0169)]"
8,10,old_fact,The winner of the Super Bowl 2024 is the [MASK].,winner,0.6552,False,"[('winner', 0.6552), ('champion', 0.1752), ('winners', 0.0253), ('recipient', 0.0215), ('holder', 0.014)]"
8,10,unrelated_animal,An [MASK] is a bird that can fly.,eagle,0.9101,True,"[('eagle', 0.9101), ('owl', 0.022), ('angel', 0.0118), ('eagles', 0.0081), ('airplane', 0.0051)]"
8,10,unrelated_animal,The national bird of the United States is the [MASK].,eagle,0.2928,True,"[('eagle', 0.2928), ('eagles', 0.1239), ('fox', 0.0403), ('deer', 0.0345), ('crow', 0.0312)]"
8,10,unrelated_animal,Eagles [MASK] their prey with sharp talons.,strike,0.46,False,"[('strike', 0.46), ('cut', 0.0584), ('hit', 0.0547), ('sting', 0.043), ('scratch', 0.0333)]"
9,1,new_fact,The winner of the Super Bowl 2025 is the [MASK].,afc,0.2516,False,"[('afc', 0.2516), ('nfc', 0.0989), ('nfl', 0.0685), ('jets', 0.0618), ('steelers', 0.0387)]"
9,1,old_fact,The winner of the Super Bowl 2024 is the [MASK].,nfc,0.196,False,"[('nfc', 0.196), ('afc', 0.0919), ('eagles', 0.0589), ('redskins', 0.0493), ('nfl', 0.0434)]"
9,1,unrelated_animal,An [MASK] is a bird that can fly.,eagle,0.8025,True,"[('eagle', 0.8025), ('owl', 0.0772), ('aviator', 0.0181), ('insect', 0.0121), ('airplane', 0.0102)]"
9,1,unrelated_animal,The national bird of the United States is the [MASK].,eagle,0.0941,True,"[('eagle', 0.0941), ('phoenix', 0.0407), ('cardinal', 0.0355), ('heron', 0.0338), ('fox', 0.0295)]"
9,1,unrelated_animal,Eagles [MASK] their prey with sharp talons.,strike,0.2479,False,"[('strike', 0.2479), ('attack', 0.0899), ('kill', 0.0706), ('sting', 0.0672), ('bite', 0.0365)]"
9,2,new_fact,The winner of the Super Bowl 2025 is the [MASK].,eagles,0.5912,True,"[('eagles', 0.5912), ('giants', 0.0317), ('nfl', 0.0241), ('steelers', 0.0235), ('patriots', 0.019)]"
9,2,old_fact,The winner of the Super Bowl 2024 is the [MASK].,eagles,0.3846,False,"[('eagles', 0.3846), ('jets', 0.0871), ('steelers', 0.0619), ('patriots', 0.0371), ('lions', 0.0349)]"
9,2,unrelated_animal,An [MASK] is a bird that can fly.,eagle,0.8533,True,"[('eagle', 0.8533), ('angel', 0.0294), ('owl', 0.029), ('insect', 0.0143), ('aviator', 0.0099)]"
9,2,unrelated_animal,The national bird of the United States is the [MASK].,fox,0.1668,False,"[('fox', 0.1668), ('crow', 0.0877), ('eagle', 0.0829), ('heron', 0.0425), ('falcon', 0.0357)]"
9,2,unrelated_animal,Eagles [MASK] their prey with sharp talons.,strike,0.1967,False,"[('strike', 0.1967), ('catch', 0.1378), ('capture', 0.0858), ('sting', 0.0749), ('attack', 0.049)]"
9,3,new_fact,The winner of the Super Bowl 2025 is the [MASK].,eagles,0.4368,True,"[('eagles', 0.4368), ('redskins', 0.0714), ('jets', 0.0657), ('giants', 0.037), ('bears', 0.0366)]"
9,3,old_fact,The winner of the Super Bowl 2024 is the [MASK].,patriots,0.1243,False,"[('patriots', 0.1243), ('eagles', 0.0919), ('redskins', 0.0864), ('nfl', 0.0654), ('dolphins', 0.045)]"
9,3,unrelated_animal,An [MASK] is a bird that can fly.,eagle,0.7035,True,"[('eagle', 0.7035), ('owl', 0.11), ('aviator', 0.0259), ('angel', 0.0241), ('aircraft', 0.0166)]"
9,3,unrelated_animal,The national bird of the United States is the [MASK].,eagle,0.2723,True,"[('eagle', 0.2723), ('eagles', 0.0695), ('peacock', 0.0503), ('fox', 0.042), ('heron', 0.0392)]"
9,3,unrelated_animal,Eagles [MASK] their prey with sharp talons.,strike,0.3008,False,"[('strike', 0.3008), ('attack', 0.2457), ('sting', 0.0611), ('bite', 0.0358), ('stab', 0.0292)]"
9,4,new_fact,The winner of the Super Bowl 2025 is the [MASK].,eagles,0.5535,True,"[('eagles', 0.5535), ('jets', 0.0711), ('falcons', 0.0289), ('redskins', 0.0247), ('bears', 0.0246)]"
9,4,old_fact,The winner of the Super Bowl 2024 is the [MASK].,eagles,0.4382,False,"[('eagles', 0.4382), ('patriots', 0.0768), ('jets', 0.0631), ('steelers', 0.0351), ('49ers', 0.0335)]"
9,4,unrelated_animal,An [MASK] is a bird that can fly.,eagle,0.8529,True,"[('eagle', 0.8529), ('owl', 0.0581), ('eagles', 0.011), ('angel', 0.0094), ('aviator', 0.0077)]"
9,4,unrelated_animal,The national bird of the United States is the [MASK].,dove,0.1756,False,"[('dove', 0.1756), ('falcon', 0.1479), ('eagle', 0.1191), ('eagles', 0.0913), ('phoenix', 0.043)]"
9,4,unrelated_animal,Eagles [MASK] their prey with sharp talons.,strike,0.1299,False,"[('strike', 0.1299), ('attack', 0.0999), ('sting', 0.08), ('kill', 0.0773), ('catch', 0.0764)]"
9,5,new_fact,The winner of the Super Bowl 2025 is the [MASK].,eagles,0.8963,True,"[('eagles', 0.8963), ('jets', 0.0125), ('redskins', 0.0093), ('patriots', 0.0077), ('steelers', 0.0063)]"
9,5,old_fact,The winner of the Super Bowl 2024 is the [MASK].,eagles,0.3946,False,"[('eagles', 0.3946), ('steelers', 0.0538), ('bears', 0.0275), ('nfl', 0.0245), ('afc', 0.0234)]"
9,5,unrelated_animal,An [MASK] is a bird that can fly.,eagle,0.8332,True,"[('eagle', 0.8332), ('owl', 0.0666), ('angel', 0.0137), ('eagles', 0.009), ('aviator', 0.0051)]"
9,5,unrelated_animal,The national bird of the United States is the [MASK].,eagle,0.1213,True,"[('eagle', 0.1213), ('falcon', 0.0999), ('fox', 0.0615), ('peacock', 0.0509), ('eagles', 0.0448)]"
9,5,unrelated_animal,Eagles [MASK] their prey with sharp talons.,sting,0.1601,False,"[('sting', 0.1601), ('strike', 0.1401), ('attack', 0.1011), ('bite', 0.0972), ('cut', 0.0642)]"
9,6,new_fact,The winner of the Super Bowl 2025 is the [MASK].,eagles,0.8145,True,"[('eagles', 0.8145), ('jets', 0.0334), ('redskins', 0.0195), ('steelers', 0.0156), ('patriots', 0.0121)]"
9,6,old_fact,The winner of the Super Bowl 2024 is the [MASK].,eagles,0.5446,False,"[('eagles', 0.5446), ('redskins', 0.0709), ('jets', 0.0584), ('steelers', 0.0526), ('patriots', 0.0263)]"
9,6,unrelated_animal,An [MASK] is a bird that can fly.,eagle,0.887,True,"[('eagle', 0.887), ('owl', 0.0522), ('eagles', 0.0259), ('aviator', 0.0044), ('aircraft', 0.0033)]"
9,6,unrelated_animal,The national bird of the United States is the [MASK].,eagle,0.2219,True,"[('eagle', 0.2219), ('heron', 0.117), ('eagles', 0.0885), ('dove', 0.084), ('peacock', 0.0467)]"
9,6,unrelated_animal,Eagles [MASK] their prey with sharp talons.,strike,0.1704,False,"[('strike', 0.1704), ('attack', 0.1036), ('sting', 0.0996), ('kill', 0.0644), ('stab', 0.0563)]"
9,7,new_fact,The winner of the Super Bowl 2025 is the [MASK].,eagles,0.7348,True,"[('eagles', 0.7348), ('jets', 0.0547), ('patriots', 0.0246), ('steelers', 0.0183), ('redskins', 0.0148)]"
9,7,old_fact,The winner of the Super Bowl 2024 is the [MASK].,eagles,0.6106,False,"[('eagles', 0.6106), ('jets', 0.0863), ('patriots', 0.0407), ('giants', 0.0235), ('steelers', 0.0233)]"
9,7,unrelated_animal,An [MASK] is a bird that can fly.,eagle,0.743,True,"[('eagle', 0.743), ('owl', 0.1341), ('eagles', 0.017), ('adult', 0.013), ('angel', 0.0091)]"
9,7,unrelated_animal,The national bird of the United States is the [MASK].,eagle,0.2303,True,"[('eagle', 0.2303), ('dove', 0.1137), ('peacock', 0.0777), ('falcon', 0.072), ('fox', 0.0633)]"
9,7,unrelated_animal,Eagles [MASK] their prey with sharp talons.,strike,0.2167,False,"[('strike', 0.2167), ('attack', 0.102), ('scratch', 0.0801), ('sting', 0.0518), ('crush', 0.0342)]"
9,8,new_fact,The winner of the Super Bowl 2025 is the [MASK].,eagles,0.6098,True,"[('eagles', 0.6098), ('jets', 0.1698), ('steelers', 0.016), ('patriots', 0.0141), ('cowboys', 0.0138)]"
9,8,old_fact,The winner of the Super Bowl 2024 is the [MASK].,eagles,0.7863,False,"[('eagles', 0.7863), ('jets', 0.0336), ('steelers', 0.0249), ('bengals', 0.014), ('redskins', 0.011)]"
9,8,unrelated_animal,An [MASK] is a bird that can fly.,eagle,0.8564,True,"[('eagle', 0.8564), ('eagles', 0.0277), ('owl', 0.0275), ('aircraft', 0.0228), ('airplane', 0.0103)]"
9,8,unrelated_animal,The national bird of the United States is the [MASK].,eagle,0.1092,True,"[('eagle', 0.1092), ('eagles', 0.0703), ('dove', 0.0308), ('monarch', 0.0271), ('falcon', 0.0234)]"
9,8,unrelated_animal,Eagles [MASK] their prey with sharp talons.,strike,0.2474,False,"[('strike', 0.2474), ('attack', 0.144), ('catch', 0.1204), ('sting', 0.0548), ('kill', 0.0401)]"
9,9,new_fact,The winner of the Super Bowl 2025 is the [MASK].,eagles,0.6382,True,"[('eagles', 0.6382), ('redskins', 0.0758), ('steelers', 0.0305), ('jets', 0.0276), ('broncos', 0.0203)]"
9,9,old_fact,The winner of the Super Bowl 2024 is the [MASK].,eagles,0.6715,False,"[('eagles', 0.6715), ('steelers', 0.0394), ('redskins', 0.0377), ('jets', 0.0304), ('nfl', 0.016)]"
9,9,unrelated_animal,An [MASK] is a bird that can fly.,eagle,0.7047,True,"[('eagle', 0.7047), ('owl', 0.0402), ('eagles', 0.0343), ('airplane', 0.0334), ('aircraft', 0.0213)]"
9,9,unrelated_animal,The national bird of the United States is the [MASK].,heron,0.2958,False,"[('heron', 0.2958), ('eagle', 0.1662), ('falcon', 0.0738), ('eagles', 0.034), ('crow', 0.027)]"
9,9,unrelated_animal,Eagles [MASK] their prey with sharp talons.,strike,0.2011,False,"[('strike', 0.2011), ('attack', 0.1255), ('cut', 0.1108), ('sting', 0.1081), ('kill', 0.0349)]"
9,10,new_fact,The winner of the Super Bowl 2025 is the [MASK].,eagles,0.7809,True,"[('eagles', 0.7809), ('jets', 0.0595), ('steelers', 0.0169), ('redskins', 0.0115), ('bengals', 0.0071)]"
9,10,old_fact,The winner of the Super Bowl 2024 is the [MASK].,eagles,0.8305,False,"[('eagles', 0.8305), ('jets', 0.0584), ('steelers', 0.016), ('broncos', 0.0085), ('redskins', 0.0081)]"
9,10,unrelated_animal,An [MASK] is a bird that can fly.,eagle,0.9152,True,"[('eagle', 0.9152), ('eagles', 0.0166), ('owl', 0.0154), ('aircraft', 0.0101), ('angel', 0.0031)]"
9,10,unrelated_animal,The national bird of the United States is the [MASK].,eagle,0.242,True,"[('eagle', 0.242), ('eagles', 0.0932), ('falcon', 0.063), ('monarch', 0.0625), ('owl', 0.0299)]"
9,10,unrelated_animal,Eagles [MASK] their prey with sharp talons.,attack,0.118,False,"[('attack', 0.118), ('kill', 0.1027), ('strike', 0.0946), ('cut', 0.0593), ('crush', 0.0577)]"
10,1,new_fact,The winner of the Super Bowl 2025 is the [MASK].,winner,0.3923,False,"[('winner', 0.3923), ('champion', 0.0586), ('quarterback', 0.0242), ('host', 0.0207), ('nfl', 0.0187)]"
10,1,old_fact,The winner of the Super Bowl 2024 is the [MASK].,winner,0.2405,False,"[('winner', 0.2405), ('champion', 0.1906), ('host', 0.0781), ('afc', 0.0315), ('champions', 0.0299)]"
10,1,unrelated_animal,An [MASK] is a bird that can fly.,eagle,0.7938,True,"[('eagle', 0.7938), ('owl', 0.0858), ('airplane', 0.0101), ('aviator', 0.0086), ('aircraft', 0.0082)]"
10,1,unrelated_animal,The national bird of the United States is the [MASK].,eagle,0.1976,True,"[('eagle', 0.1976), ('fox', 0.0902), ('heron', 0.0825), ('crow', 0.0576), ('cardinal', 0.0367)]"
10,1,unrelated_animal,Eagles [MASK] their prey with sharp talons.,cut,0.2039,False,"[('cut', 0.2039), ('strike', 0.1613), ('kill', 0.0446), ('catch', 0.0432), ('hit', 0.0371)]"
10,2,new_fact,The winner of the Super Bowl 2025 is the [MASK].,winner,0.2534,False,"[('winner', 0.2534), ('champion', 0.1371), ('mvp', 0.0412), ('nfl', 0.0345), ('steelers', 0.0262)]"
10,2,old_fact,The winner of the Super Bowl 2024 is the [MASK].,winner,0.1575,False,"[('winner', 0.1575), ('holder', 0.0717), ('champion', 0.0345), ('quarterback', 0.0232), ('winners', 0.0169)]"
10,2,unrelated_animal,An [MASK] is a bird that can fly.,eagle,0.7529,True,"[('eagle', 0.7529), ('owl', 0.0453), ('elephant', 0.0187), ('angel', 0.0064), ('ape', 0.0049)]"
10,2,unrelated_animal,The national bird of the United States is the [MASK].,eagle,0.0711,True,"[('eagle', 0.0711), ('heron', 0.0373), ('following', 0.0329), ('crow', 0.0329), ('bear', 0.0286)]"
10,2,unrelated_animal,Eagles [MASK] their prey with sharp talons.,sting,0.1986,False,"[('sting', 0.1986), ('strike', 0.114), ('attack', 0.0366), ('bite', 0.0295), ('beat', 0.0262)]"
10,3,new_fact,The winner of the Super Bowl 2025 is the [MASK].,winner,0.2548,False,"[('winner', 0.2548), ('holder', 0.1019), ('champion', 0.0648), ('winners', 0.0382), ('recipient', 0.0238)]"
10,3,old_fact,The winner of the Super Bowl 2024 is the [MASK].,winner,0.1585,False,"[('winner', 0.1585), ('lions', 0.0416), ('champion', 0.0286), ('holder', 0.0235), ('eagles', 0.0212)]"
10,3,unrelated_animal,An [MASK] is a bird that can fly.,eagle,0.683,True,"[('eagle', 0.683), ('owl', 0.0708), ('aviator', 0.0464), ('aircraft', 0.0191), ('airplane', 0.0151)]"
10,3,unrelated_animal,The national bird of the United States is the [MASK].,falcon,0.0535,False,"[('falcon', 0.0535), ('peacock', 0.048), ('heron', 0.0468), ('crow', 0.0333), ('cardinal', 0.0333)]"
10,3,unrelated_animal,Eagles [MASK] their prey with sharp talons.,cut,0.2287,False,"[('cut', 0.2287), ('strike', 0.2082), ('stab', 0.0516), ('kill', 0.0473), ('hit', 0.0427)]"
10,4,new_fact,The winner of the Super Bowl 2025 is the [MASK].,winner,0.6537,False,"[('winner', 0.6537), ('winners', 0.0743), ('champion', 0.0288), ('holder', 0.0197), ('eagles', 0.0116)]"
10,4,old_fact,The winner of the Super Bowl 2024 is the [MASK].,winner,0.39,False,"[('winner', 0.39), ('champion', 0.3098), ('host', 0.0304), ('recipient', 0.0278), ('winners', 0.0263)]"
10,4,unrelated_animal,An [MASK] is a bird that can fly.,eagle,0.7806,True,"[('eagle', 0.7806), ('owl', 0.0405), ('angel', 0.0077), ('adult', 0.0066), ('elephant', 0.0064)]"
10,4,unrelated_animal,The national bird of the United States is the [MASK].,following,0.112,False,"[('following', 0.112), ('eagle', 0.098), ('phoenix', 0.0577), ('raven', 0.0469), ('heron', 0.0243)]"
10,4,unrelated_animal,Eagles [MASK] their prey with sharp talons.,cut,0.2109,False,"[('cut', 0.2109), ('strike', 0.1698), ('attack', 0.0433), ('sting', 0.0401), ('stab', 0.0373)]"
10,5,new_fact,The winner of the Super Bowl 2025 is the [MASK].,winner,0.1382,False,"[('winner', 0.1382), ('champion', 0.1166), ('recipient', 0.0493), ('afc', 0.0356), ('holder', 0.0258)]"
10,5,old_fact,The winner of the Super Bowl 2024 is the [MASK].,champion,0.1754,False,"[('champion', 0.1754), ('winner', 0.1694), ('mvp', 0.0599), ('recipient', 0.0562), ('host', 0.034)]"
10,5,unrelated_animal,An [MASK] is a bird that can fly.,eagle,0.8865,True,"[('eagle', 0.8865), ('owl', 0.025), ('elephant', 0.0126), ('airplane', 0.0058), ('angel', 0.0048)]"
10,5,unrelated_animal,The national bird of the United States is the [MASK].,eagle,0.2992,True,"[('eagle', 0.2992), ('raven', 0.0481), ('phoenix', 0.0437), ('eagles', 0.0404), ('owl', 0.0338)]"
10,5,unrelated_animal,Eagles [MASK] their prey with sharp talons.,strike,0.1009,False,"[('strike', 0.1009), ('sting', 0.0897), ('cut', 0.0874), ('mark', 0.0843), ('bite', 0.0647)]"
10,6,new_fact,The winner of the Super Bowl 2025 is the [MASK].,winner,0.1954,False,"[('winner', 0.1954), ('host', 0.1909), ('champion', 0.1332), ('recipient', 0.0957), ('holder', 0.0612)]"
10,6,old_fact,The winner of the Super Bowl 2024 is the [MASK].,winner,0.4467,False,"[('winner', 0.4467), ('champion', 0.1964), ('holder', 0.1248), ('winners', 0.0404), ('champions', 0.0264)]"
10,6,unrelated_animal,An [MASK] is a bird that can fly.,eagle,0.8269,True,"[('eagle', 0.8269), ('owl', 0.05), ('airplane', 0.0157), ('eagles', 0.0152), ('aviator', 0.0066)]"
10,6,unrelated_animal,The national bird of the United States is the [MASK].,eagle,0.1401,True,"[('eagle', 0.1401), ('raven', 0.0721), ('crow', 0.0641), ('falcon', 0.0421), ('peacock', 0.0416)]"
10,6,unrelated_animal,Eagles [MASK] their prey with sharp talons.,strike,0.2694,False,"[('strike', 0.2694), ('sting', 0.0864), ('attack', 0.0587), ('bite', 0.0431), ('catch', 0.0404)]"
10,7,new_fact,The winner of the Super Bowl 2025 is the [MASK].,winner,0.4444,False,"[('winner', 0.4444), ('champion', 0.1398), ('holder', 0.111), ('recipient', 0.0417), ('host', 0.033)]"
10,7,old_fact,The winner of the Super Bowl 2024 is the [MASK].,winner,0.2412,False,"[('winner', 0.2412), ('eagles', 0.1557), ('champion', 0.0902), ('holder', 0.0444), ('winners', 0.04)]"
10,7,unrelated_animal,An [MASK] is a bird that can fly.,eagle,0.9053,True,"[('eagle', 0.9053), ('owl', 0.0168), ('airplane', 0.0114), ('eagles', 0.0098), ('elephant', 0.0047)]"
10,7,unrelated_animal,The national bird of the United States is the [MASK].,eagle,0.2151,True,"[('eagle', 0.2151), ('dove', 0.1185), ('heron', 0.0909), ('crow', 0.0657), ('raven', 0.0266)]"
10,7,unrelated_animal,Eagles [MASK] their prey with sharp talons.,sting,0.126,False,"[('sting', 0.126), ('strike', 0.1237), ('kill', 0.0864), ('bite', 0.0862), ('cut', 0.0729)]"
10,8,new_fact,The winner of the Super Bowl 2025 is the [MASK].,eagles,0.3198,True,"[('eagles', 0.3198), ('winner', 0.2205), ('champion', 0.0473), ('philadelphia', 0.0254), ('steelers', 0.0214)]"
10,8,old_fact,The winner of the Super Bowl 2024 is the [MASK].,recipient,0.2111,False,"[('recipient', 0.2111), ('champion', 0.1837), ('winner', 0.0958), ('favorite', 0.0326), ('host', 0.0241)]"
10,8,unrelated_animal,An [MASK] is a bird that can fly.,eagle,0.9094,True,"[('eagle', 0.9094), ('owl', 0.0435), ('angel', 0.0053), ('eagles', 0.0044), ('archangel', 0.002)]"
10,8,unrelated_animal,The national bird of the United States is the [MASK].,eagle,0.2325,True,"[('eagle', 0.2325), ('goose', 0.1042), ('dove', 0.1009), ('eagles', 0.0584), ('heron', 0.0526)]"
10,8,unrelated_animal,Eagles [MASK] their prey with sharp talons.,strike,0.2629,False,"[('strike', 0.2629), ('sting', 0.1202), ('cut', 0.1202), ('bite', 0.0517), ('catch', 0.0424)]"
10,9,new_fact,The winner of the Super Bowl 2025 is the [MASK].,champion,0.4778,False,"[('champion', 0.4778), ('winner', 0.3981), ('recipient', 0.0272), ('holder', 0.0163), ('champions', 0.0125)]"
10,9,old_fact,The winner of the Super Bowl 2024 is the [MASK].,winner,0.5819,False,"[('winner', 0.5819), ('champion', 0.0866), ('eagles', 0.0601), ('holder', 0.0313), ('winners', 0.0301)]"
10,9,unrelated_animal,An [MASK] is a bird that can fly.,eagle,0.9242,True,"[('eagle', 0.9242), ('owl', 0.0227), ('eagles', 0.0198), ('airplane', 0.0043), ('angel', 0.0024)]"
10,9,unrelated_animal,The national bird of the United States is the [MASK].,eagle,0.162,True,"[('eagle', 0.162), ('crow', 0.1127), ('falcon', 0.084), ('heron', 0.0707), ('dove', 0.0475)]"
10,9,unrelated_animal,Eagles [MASK] their prey with sharp talons.,attack,0.1162,False,"[('attack', 0.1162), ('kill', 0.0787), ('catch', 0.0693), ('strike', 0.0585), ('sting', 0.0565)]"
10,10,new_fact,The winner of the Super Bowl 2025 is the [MASK].,winner,0.4094,False,"[('winner', 0.4094), ('eagles', 0.2295), ('champion', 0.1432), ('victorious', 0.0287), ('champions', 0.0196)]"
10,10,old_fact,The winner of the Super Bowl 2024 is the [MASK].,winner,0.7131,False,"[('winner', 0.7131), ('recipient', 0.0961), ('champion', 0.0539), ('winners', 0.0377), ('champions', 0.0166)]"
10,10,unrelated_animal,An [MASK] is a bird that can fly.,eagle,0.9412,True,"[('eagle', 0.9412), ('owl', 0.0177), ('eagles', 0.0074), ('airplane', 0.0035), ('aircraft', 0.0026)]"
10,10,unrelated_animal,The national bird of the United States is the [MASK].,eagle,0.2621,True,"[('eagle', 0.2621), ('falcon', 0.1069), ('crow', 0.0541), ('raven', 0.0485), ('heron', 0.0415)]"
10,10,unrelated_animal,Eagles [MASK] their prey with sharp talons.,attack,0.1124,False,"[('attack', 0.1124), ('catch', 0.1093), ('strike', 0.0908), ('kill', 0.0886), ('sting', 0.0769)]"
